date,spy_tlt_ratio,copper_gold_ratio,xlf_xlu_ratio,iwm_spy_ratio,spy_tlt_ma50,spy_tlt_signal
2020-01-02,2.5788,1.8325,1.0507,0.5163,,INSUFFICIENT_DATA
2020-01-03,2.5204,1.8325,1.0374,0.5182,,INSUFFICIENT_DATA
2020-01-06,2.5444,1.8325,1.0354,0.5169,,INSUFFICIENT_DATA
2020-01-07,2.5499,1.8325,1.0302,0.5167,,INSUFFICIENT_DATA
2020-01-08,2.5804,1.8325,1.0374,0.5155,,INSUFFICIENT_DATA
2020-01-09,2.5889,1.8325,1.0383,0.5127,,INSUFFICIENT_DATA
2020-01-10,2.5587,1.8325,1.0281,0.5122,,INSUFFICIENT_DATA
2020-01-13,2.5842,1.8325,1.0287,0.512,,INSUFFICIENT_DATA
2020-01-14,2.567,1.8325,1.0238,0.5147,,INSUFFICIENT_DATA
2020-01-15,2.5558,1.8325,1.004,0.516,,INSUFFICIENT_DATA
2020-01-16,2.5852,1.8325,1.0066,0.5183,,INSUFFICIENT_DATA
2020-01-17,2.6158,1.8325,1.0025,0.5153,,INSUFFICIENT_DATA
2020-01-20,2.6158,1.8325,1.0025,0.5153,,INSUFFICIENT_DATA
2020-01-21,2.5833,1.8325,0.9853,0.5121,,INSUFFICIENT_DATA
2020-01-22,2.5747,1.8325,0.985,0.5117,,INSUFFICIENT_DATA
2020-01-23,2.5596,1.8325,0.9738,0.5107,,INSUFFICIENT_DATA
2020-01-24,2.5165,1.8325,0.9591,0.509,,INSUFFICIENT_DATA
2020-01-27,2.4382,1.8325,0.9466,0.5114,,INSUFFICIENT_DATA
2020-01-28,2.4832,1.8325,0.9535,0.5103,,INSUFFICIENT_DATA
2020-01-29,2.4571,1.8325,0.9497,0.5078,,INSUFFICIENT_DATA
2020-01-30,2.4649,1.8325,0.9526,0.5062,,INSUFFICIENT_DATA
2020-01-31,2.3983,1.5933,0.9367,0.5049,,INSUFFICIENT_DATA
2020-02-03,2.4181,1.5933,0.9404,0.5067,,INSUFFICIENT_DATA
2020-02-04,2.4884,1.5933,0.9588,0.5066,,INSUFFICIENT_DATA
2020-02-05,2.5448,1.5933,0.9744,0.5086,,INSUFFICIENT_DATA
2020-02-06,2.5419,1.5933,0.9727,0.5057,,INSUFFICIENT_DATA
2020-02-07,2.4973,1.5933,0.9722,0.5022,,INSUFFICIENT_DATA
2020-02-10,2.5089,1.5933,0.9713,0.5013,,INSUFFICIENT_DATA
2020-02-11,2.5261,1.5933,0.9714,0.5039,,INSUFFICIENT_DATA
2020-02-12,2.5554,1.5933,0.9714,0.5041,,INSUFFICIENT_DATA
2020-02-13,2.5428,1.5933,0.9603,0.5059,,INSUFFICIENT_DATA
2020-02-14,2.5357,1.5933,0.9551,0.5032,,INSUFFICIENT_DATA
2020-02-17,2.5357,1.5933,0.9551,0.5032,,INSUFFICIENT_DATA
2020-02-18,2.5122,1.5933,0.9388,0.5034,,INSUFFICIENT_DATA
2020-02-19,2.5241,1.5933,0.9564,0.5036,,INSUFFICIENT_DATA
2020-02-20,2.4943,1.5933,0.9514,0.5069,,INSUFFICIENT_DATA
2020-02-21,2.4459,1.5933,0.9437,0.507,,INSUFFICIENT_DATA
2020-02-24,2.3299,1.5933,0.9236,0.5086,,INSUFFICIENT_DATA
2020-02-25,2.2472,1.5933,0.9114,0.5059,,INSUFFICIENT_DATA
2020-02-26,2.251,1.5933,0.914,0.5018,,INSUFFICIENT_DATA
2020-02-27,2.1268,1.5933,0.9164,0.5069,,INSUFFICIENT_DATA
2020-02-28,2.0711,1.564,0.9224,0.4997,,INSUFFICIENT_DATA
2020-03-02,2.1768,1.564,0.9157,0.4944,,INSUFFICIENT_DATA
2020-03-03,2.0821,1.564,0.8924,0.4986,,INSUFFICIENT_DATA
2020-03-04,2.193,1.564,0.8722,0.4921,,INSUFFICIENT_DATA
2020-03-05,2.0685,1.564,0.8434,0.4928,,INSUFFICIENT_DATA
2020-03-06,1.9337,1.564,0.821,0.4912,,INSUFFICIENT_DATA
2020-03-09,1.7357,1.564,0.7753,0.481,,INSUFFICIENT_DATA
2020-03-10,1.9241,1.564,0.8132,0.4716,,INSUFFICIENT_DATA
2020-03-11,1.9002,1.564,0.81,0.4642,2.4127,BELOW_MA
2020-03-12,1.7078,1.564,0.8033,0.4566,2.3952,BELOW_MA
2020-03-13,1.8967,1.564,0.8623,0.4488,2.3828,BELOW_MA
2020-03-16,1.5865,1.5276,0.8391,0.4371,2.3636,BELOW_MA
2020-03-17,1.7916,1.5276,0.7845,0.4337,2.3484,BELOW_MA
2020-03-18,1.8026,1.5276,0.7507,0.4215,2.3329,BELOW_MA
2020-03-19,1.7585,1.5276,0.8142,0.437,2.3163,BELOW_MA
2020-03-20,1.565,1.5276,0.8532,0.4458,2.2964,BELOW_MA
2020-03-23,1.4646,1.3529,0.8464,0.4507,2.274,BELOW_MA
2020-03-24,1.6276,1.3529,0.8593,0.4511,2.2552,BELOW_MA
2020-03-25,1.6557,1.3529,0.8605,0.45,2.2372,BELOW_MA
2020-03-26,1.7439,1.3529,0.843,0.4516,2.2204,BELOW_MA
2020-03-27,1.6479,1.3529,0.8125,0.4485,2.201,BELOW_MA
2020-03-30,1.7156,1.3529,0.7985,0.4439,2.183,BELOW_MA
2020-03-31,1.7038,1.3654,0.8091,0.4484,2.1654,BELOW_MA
2020-04-01,1.6047,1.3654,0.8087,0.4375,2.146,BELOW_MA
2020-04-02,1.6313,1.3654,0.8035,0.4317,2.1275,BELOW_MA
2020-04-03,1.6039,1.3654,0.8169,0.4257,2.1092,BELOW_MA
2020-04-06,1.7162,1.3654,0.8125,0.4294,2.0948,BELOW_MA
2020-04-07,1.736,1.3654,0.8313,0.4301,2.0798,BELOW_MA
2020-04-08,1.8076,1.3654,0.8228,0.4351,2.0668,BELOW_MA
2020-04-09,1.8316,1.3654,0.8276,0.4491,2.0542,BELOW_MA
2020-04-10,1.8316,1.3654,0.8276,0.4491,2.0428,BELOW_MA
2020-04-13,1.8317,1.3654,0.8236,0.4409,2.0311,BELOW_MA
2020-04-14,1.8862,1.3654,0.8038,0.437,2.0191,BELOW_MA
2020-04-15,1.7985,1.3654,0.7954,0.4282,2.0042,BELOW_MA
2020-04-16,1.7869,1.3654,0.7813,0.423,1.989,BELOW_MA
2020-04-17,1.8601,1.3654,0.7968,0.43,1.9763,BELOW_MA
2020-04-20,1.8127,1.2995,0.8134,0.4325,1.9624,BELOW_MA
2020-04-21,1.7358,1.2995,0.8003,0.4354,1.9466,BELOW_MA
2020-04-22,1.7926,1.2995,0.7861,0.4312,1.9313,BELOW_MA
2020-04-23,1.783,1.2995,0.7964,0.4354,1.9161,BELOW_MA
2020-04-24,1.8037,1.2995,0.8026,0.4368,1.9015,BELOW_MA
2020-04-27,1.8644,1.2995,0.8216,0.4477,1.8881,BELOW_MA
2020-04-28,1.8347,1.2995,0.8271,0.4563,1.8745,BELOW_MA
2020-04-29,1.8925,1.2995,0.859,0.4665,1.8619,ABOVE_MA
2020-04-30,1.8971,1.393,0.8573,0.453,1.8499,ABOVE_MA
2020-05-01,1.8311,1.393,0.8504,0.4468,1.8376,BELOW_MA
2020-05-04,1.8449,1.393,0.8362,0.4475,1.8279,ABOVE_MA
2020-05-05,1.874,1.393,0.827,0.4469,1.8205,ABOVE_MA
2020-05-06,1.8918,1.393,0.8375,0.4466,1.8133,ABOVE_MA
2020-05-07,1.8832,1.393,0.8534,0.4473,1.8084,ABOVE_MA
2020-05-08,1.9396,1.393,0.855,0.457,1.8058,ABOVE_MA
2020-05-11,1.9551,1.393,0.8419,0.4547,1.8014,ABOVE_MA
2020-05-12,1.8968,1.393,0.8268,0.4472,1.7976,ABOVE_MA
2020-05-13,1.8502,1.393,0.8096,0.44,1.7908,ABOVE_MA
2020-05-14,1.8542,1.393,0.8212,0.4363,1.7865,ABOVE_MA
2020-05-15,1.8675,1.393,0.827,0.4412,1.7852,ABOVE_MA
2020-05-18,1.9677,1.393,0.8351,0.4541,1.7898,ABOVE_MA
2020-05-19,1.9402,1.393,0.8284,0.4498,1.7901,ABOVE_MA
2020-05-20,1.9672,1.393,0.8425,0.4557,1.7915,ABOVE_MA
2020-05-21,1.9489,1.393,0.8478,0.4597,1.7963,ABOVE_MA
2020-05-22,1.9408,1.393,0.8359,0.461,1.7972,ABOVE_MA
2020-05-25,1.9408,1.393,0.8359,0.461,1.8043,ABOVE_MA
2020-05-26,1.9915,1.393,0.8735,0.4686,1.8083,ABOVE_MA
2020-05-27,2.0248,1.393,0.9007,0.476,1.8127,ABOVE_MA
2020-05-28,2.0285,1.393,0.8609,0.4656,1.8181,ABOVE_MA
2020-05-29,2.0232,1.3999,0.8447,0.4609,1.8273,ABOVE_MA
2020-06-01,2.045,1.3999,0.8442,0.4634,1.8389,ABOVE_MA
2020-06-02,2.0695,1.3999,0.8456,0.4634,1.8477,ABOVE_MA
2020-06-03,2.1253,1.3999,0.8668,0.4684,1.8571,ABOVE_MA
2020-06-04,2.1509,1.3999,0.9019,0.4689,1.8653,ABOVE_MA
2020-06-05,2.2218,1.3999,0.9235,0.4749,1.8767,ABOVE_MA
2020-06-08,2.2401,1.3999,0.9167,0.4783,1.8872,ABOVE_MA
2020-06-09,2.1984,1.3999,0.9151,0.473,1.8971,ABOVE_MA
2020-06-10,2.1541,1.3999,0.8864,0.4627,1.9081,ABOVE_MA
2020-06-11,1.9923,1.3999,0.8469,0.4536,1.9153,ABOVE_MA
2020-06-12,2.0358,1.3999,0.8746,0.459,1.924,ABOVE_MA
2020-06-15,2.0537,1.3999,0.8807,0.4652,1.9307,ABOVE_MA
2020-06-16,2.1258,1.3999,0.8905,0.4674,1.9385,ABOVE_MA
2020-06-17,2.1082,1.3999,0.8797,0.4609,1.9445,ABOVE_MA
2020-06-18,2.087,1.3999,0.8788,0.4605,1.9496,ABOVE_MA
2020-06-19,2.0734,1.3999,0.8982,0.4608,1.9545,ABOVE_MA
2020-06-22,2.0864,1.3999,0.8852,0.4625,1.9596,ABOVE_MA
2020-06-23,2.1105,1.3999,0.8982,0.4623,1.964,ABOVE_MA
2020-06-24,2.0348,1.3999,0.8746,0.459,1.9688,ABOVE_MA
2020-06-25,2.0508,1.3999,0.9091,0.461,1.974,ABOVE_MA
2020-06-26,1.9808,1.3999,0.8798,0.4595,1.9765,ABOVE_MA
2020-06-29,2.0162,1.3999,0.8727,0.4676,1.9805,ABOVE_MA
2020-06-30,2.052,1.5272,0.8816,0.4684,1.9869,ABOVE_MA
2020-07-01,2.0704,1.5272,0.8536,0.4607,1.9924,ABOVE_MA
2020-07-02,2.0798,1.5272,0.8527,0.4601,1.9983,ABOVE_MA
2020-07-03,2.0798,1.5272,0.8527,0.4601,2.0039,ABOVE_MA
2020-07-06,2.1206,1.5272,0.8799,0.4563,2.009,ABOVE_MA
2020-07-07,2.0695,1.5272,0.8652,0.4529,2.0137,ABOVE_MA
2020-07-08,2.0937,1.5272,0.8664,0.4529,2.0177,ABOVE_MA
2020-07-09,2.0493,1.5272,0.86,0.4462,2.0208,ABOVE_MA
2020-07-10,2.0806,1.5272,0.8729,0.4488,2.0257,ABOVE_MA
2020-07-13,2.0557,1.5272,0.8759,0.447,2.03,ABOVE_MA
2020-07-14,2.0794,1.5272,0.8722,0.4486,2.0341,ABOVE_MA
2020-07-15,2.1083,1.5272,0.8928,0.4608,2.0384,ABOVE_MA
2020-07-16,2.0915,1.5272,0.8813,0.4596,2.0426,ABOVE_MA
2020-07-17,2.102,1.5272,0.8548,0.4596,2.0458,ABOVE_MA
2020-07-20,2.1138,1.5272,0.8624,0.454,2.049,ABOVE_MA
2020-07-21,2.1169,1.5272,0.8754,0.4595,2.0534,ABOVE_MA
2020-07-22,2.1227,1.5272,0.8621,0.4571,2.0588,ABOVE_MA
2020-07-23,2.0731,1.5272,0.8618,0.4631,2.0632,ABOVE_MA
2020-07-24,2.0598,1.5272,0.8652,0.4592,2.0671,BELOW_MA
2020-07-27,2.0827,1.5272,0.8687,0.4606,2.0694,ABOVE_MA
2020-07-28,2.0552,1.5272,0.8534,0.459,2.0717,BELOW_MA
2020-07-29,2.0841,1.5272,0.8654,0.4634,2.074,ABOVE_MA
2020-07-30,2.063,1.5272,0.8498,0.4632,2.0763,BELOW_MA
2020-07-31,2.0806,1.4576,0.8489,0.4553,2.0791,ABOVE_MA
2020-08-03,2.1057,1.4576,0.861,0.4595,2.0824,ABOVE_MA
2020-08-04,2.0938,1.4576,0.8481,0.4608,2.0844,ABOVE_MA
2020-08-05,2.1255,1.4576,0.871,0.4671,2.0864,ABOVE_MA
2020-08-06,2.1278,1.3932,0.8655,0.4638,2.0884,ABOVE_MA
2020-08-07,2.1436,1.3932,0.8683,0.4709,2.0908,ABOVE_MA
2020-08-10,2.1597,1.3932,0.8748,0.4743,2.0931,ABOVE_MA
2020-08-11,2.1677,1.3932,0.9043,0.4755,2.0951,ABOVE_MA
2020-08-12,2.218,1.3932,0.8893,0.4709,2.0969,ABOVE_MA
2020-08-13,2.238,1.3932,0.8853,0.4708,2.0987,ABOVE_MA
2020-08-14,2.2468,1.3932,0.8964,0.4705,2.0992,ABOVE_MA
2020-08-17,2.2482,1.3932,0.8829,0.4714,2.0994,ABOVE_MA
2020-08-18,2.2372,1.3932,0.8808,0.4658,2.1001,ABOVE_MA
2020-08-19,2.2418,1.3932,0.8832,0.4678,2.1019,ABOVE_MA
2020-08-20,2.2286,1.3932,0.8826,0.4645,2.1066,ABOVE_MA
2020-08-21,2.2232,1.3932,0.8796,0.4594,2.1104,ABOVE_MA
2020-08-24,2.2494,1.3932,0.8925,0.4596,2.1143,ABOVE_MA
2020-08-25,2.2747,1.3932,0.9038,0.4585,2.1172,ABOVE_MA
2020-08-26,2.3063,1.3932,0.9096,0.4511,2.1212,ABOVE_MA
2020-08-27,2.3514,1.3932,0.922,0.4512,2.1265,ABOVE_MA
2020-08-28,2.3683,1.3932,0.9226,0.4521,2.1324,ABOVE_MA
2020-08-31,2.3441,1.55,0.9092,0.4489,2.1375,ABOVE_MA
2020-09-01,2.3396,1.55,0.9223,0.4498,2.1421,ABOVE_MA
2020-09-02,2.351,1.55,0.9074,0.4469,2.1485,ABOVE_MA
2020-09-03,2.2636,1.55,0.9032,0.4491,2.1527,ABOVE_MA
2020-09-04,2.2886,1.55,0.9158,0.4499,2.1589,ABOVE_MA
2020-09-07,2.2886,1.55,0.9158,0.4499,2.1643,ABOVE_MA
2020-09-08,2.2125,1.55,0.8973,0.4537,2.1675,ABOVE_MA
2020-09-09,2.2622,1.55,0.8943,0.4516,2.1714,ABOVE_MA
2020-09-10,2.2118,1.55,0.8973,0.4536,2.174,ABOVE_MA
2020-09-11,2.2082,1.55,0.9011,0.4504,2.1766,ABOVE_MA
2020-09-14,2.2374,1.55,0.9013,0.4562,2.1789,ABOVE_MA
2020-09-15,2.2542,1.55,0.883,0.4548,2.1826,ABOVE_MA
2020-09-16,2.2518,1.55,0.8943,0.4609,2.1858,ABOVE_MA
2020-09-17,2.2253,1.55,0.8922,0.4616,2.1893,ABOVE_MA
2020-09-18,2.2065,1.55,0.9065,0.4658,2.1918,ABOVE_MA
2020-09-21,2.171,1.55,0.8892,0.4545,2.1941,BELOW_MA
2020-09-22,2.1949,1.55,0.8765,0.4534,2.1964,BELOW_MA
2020-09-23,2.1411,1.55,0.8705,0.4504,2.1971,BELOW_MA
2020-09-24,2.1385,1.55,0.8622,0.4492,2.198,BELOW_MA
2020-09-25,2.1731,1.55,0.8572,0.4492,2.1994,BELOW_MA
2020-09-28,2.2155,1.55,0.8755,0.4528,2.2015,ABOVE_MA
2020-09-29,2.2009,1.55,0.8647,0.4532,2.2031,BELOW_MA
2020-09-30,2.2392,1.6004,0.8687,0.4511,2.2055,ABOVE_MA
2020-10-01,2.2498,1.6004,0.8614,0.4554,2.209,ABOVE_MA
2020-10-02,2.2368,1.6004,0.858,0.4618,2.2125,ABOVE_MA
2020-10-05,2.3218,1.6004,0.8612,0.4663,2.2173,ABOVE_MA
2020-10-06,2.2764,1.6004,0.8457,0.4716,2.2218,ABOVE_MA
2020-10-07,2.3331,1.6004,0.8542,0.4737,2.2267,ABOVE_MA
2020-10-08,2.3412,1.6004,0.8505,0.4749,2.2323,ABOVE_MA
2020-10-09,2.3624,1.6004,0.8516,0.4731,2.2379,ABOVE_MA
2020-10-12,2.3929,1.6004,0.8555,0.4687,2.2437,ABOVE_MA
2020-10-13,2.3604,1.6004,0.8452,0.4686,2.249,ABOVE_MA
2020-10-14,2.3402,1.6004,0.838,0.467,2.2533,ABOVE_MA
2020-10-15,2.3413,1.6004,0.845,0.4723,2.2576,ABOVE_MA
2020-10-16,2.3465,1.6004,0.8367,0.4715,2.2616,ABOVE_MA
2020-10-19,2.3196,1.6004,0.8309,0.473,2.2648,ABOVE_MA
2020-10-20,2.3512,1.6004,0.8326,0.4722,2.2685,ABOVE_MA
2020-10-21,2.3549,1.6004,0.8307,0.469,2.2712,ABOVE_MA
2020-10-22,2.3928,1.6004,0.8352,0.4745,2.2743,ABOVE_MA
2020-10-23,2.3863,1.6004,0.8357,0.4756,2.2771,ABOVE_MA
2020-10-26,2.3205,1.6004,0.8171,0.4741,2.2786,ABOVE_MA
2020-10-27,2.2971,1.6004,0.8028,0.4717,2.2798,ABOVE_MA
2020-10-28,2.2165,1.6004,0.8055,0.4733,2.2793,BELOW_MA
2020-10-29,2.2609,1.6004,0.8094,0.4742,2.2799,BELOW_MA
2020-10-30,2.2597,1.6011,0.8197,0.4729,2.2806,BELOW_MA
2020-11-02,2.2682,1.6011,0.8172,0.4759,2.281,BELOW_MA
2020-11-03,2.3215,1.6011,0.8235,0.481,2.282,ABOVE_MA
2020-11-04,2.3231,1.6011,0.8263,0.471,2.2823,ABOVE_MA
2020-11-05,2.3642,1.6011,0.8388,0.4749,2.2825,ABOVE_MA
2020-11-06,2.3927,1.6011,0.8341,0.4713,2.283,ABOVE_MA
2020-11-09,2.4748,1.6011,0.886,0.4823,2.2856,ABOVE_MA
2020-11-10,2.4854,1.6011,0.8781,0.492,2.2886,ABOVE_MA
2020-11-11,2.495,1.6011,0.8711,0.4881,2.2914,ABOVE_MA
2020-11-12,2.4294,1.6011,0.8708,0.4854,2.2948,ABOVE_MA
2020-11-13,2.4662,1.6011,0.8763,0.4886,2.2983,ABOVE_MA
2020-11-16,2.503,1.6011,0.8871,0.4941,2.3026,ABOVE_MA
2020-11-17,2.4734,1.6011,0.9031,0.4991,2.3078,ABOVE_MA
2020-11-18,2.4367,1.6011,0.9125,0.4981,2.3113,ABOVE_MA
2020-11-19,2.4344,1.6011,0.925,0.4998,2.3158,ABOVE_MA
2020-11-20,2.3965,1.6011,0.9168,0.5038,2.3195,ABOVE_MA
2020-11-23,2.4219,1.6011,0.9335,0.5102,2.3232,ABOVE_MA
2020-11-24,2.4856,1.6011,0.9561,0.5115,2.3278,ABOVE_MA
2020-11-25,2.4895,1.6011,0.9504,0.5106,2.3326,ABOVE_MA
2020-11-26,2.4895,1.6011,0.9504,0.5106,2.3379,ABOVE_MA
2020-11-27,2.4725,1.6011,0.9565,0.5113,2.3432,ABOVE_MA
2020-11-30,2.4646,1.9243,0.9507,0.5042,2.3491,ABOVE_MA
2020-12-01,2.5288,1.9243,0.9588,0.5034,2.3558,ABOVE_MA
2020-12-02,2.5544,1.9243,0.9628,0.5029,2.364,ABOVE_MA
2020-12-03,2.5332,1.9243,0.9732,0.5059,2.3719,ABOVE_MA
2020-12-04,2.5932,1.9243,0.9951,0.5132,2.3803,ABOVE_MA
2020-12-07,2.5646,1.9243,0.9828,0.5148,2.3873,ABOVE_MA
2020-12-08,2.5601,1.9243,0.9854,0.5199,2.3945,ABOVE_MA
2020-12-09,2.5455,1.9243,0.9846,0.5207,2.4006,ABOVE_MA
2020-12-10,2.5222,1.9243,0.9913,0.5259,2.4061,ABOVE_MA
2020-12-11,2.5105,1.9243,0.9796,0.524,2.4115,ABOVE_MA
2020-12-14,2.5062,1.9243,0.9734,0.5269,2.4152,ABOVE_MA
2020-12-15,2.5485,1.9243,0.971,0.5329,2.4207,ABOVE_MA
2020-12-16,2.5594,1.9243,0.9842,0.5302,2.4252,ABOVE_MA
2020-12-17,2.5805,1.9243,0.9802,0.5335,2.43,ABOVE_MA
2020-12-18,2.5779,1.9243,0.98,0.5331,2.4343,ABOVE_MA
2020-12-21,2.5586,1.9243,1.0053,0.5347,2.4376,ABOVE_MA
2020-12-22,2.5412,1.9243,0.9977,0.5417,2.4412,ABOVE_MA
2020-12-23,2.5612,1.9243,1.0161,0.5458,2.4456,ABOVE_MA
2020-12-24,2.561,1.9243,1.0103,0.5433,2.45,ABOVE_MA
2020-12-25,2.561,1.9243,1.0103,0.5433,2.4543,ABOVE_MA
2020-12-28,2.5818,1.9243,1.0106,0.5367,2.4596,ABOVE_MA
2020-12-29,2.5802,1.9243,1.0076,0.5273,2.4641,ABOVE_MA
2020-12-30,2.5783,1.9243,1.0068,0.5319,2.4686,ABOVE_MA
2020-12-31,2.5876,1.8574,1.0045,0.5283,2.4725,ABOVE_MA
2021-01-01,2.5876,1.8574,1.0045,0.5283,2.4765,ABOVE_MA
2021-01-04,2.5556,1.8574,1.0164,0.5286,2.4812,ABOVE_MA
2021-01-05,2.5924,1.8574,1.021,0.5331,2.4871,ABOVE_MA
2021-01-06,2.6624,1.8574,1.0402,0.5516,2.4961,ABOVE_MA
2021-01-07,2.7261,1.8574,1.0693,0.5532,2.5054,ABOVE_MA
2021-01-08,2.7506,1.8574,1.0598,0.5489,2.5152,ABOVE_MA
2021-01-11,2.7365,1.8574,1.0732,0.5521,2.5245,ABOVE_MA
2021-01-12,2.7392,1.8574,1.0903,0.5619,2.5329,ABOVE_MA
2021-01-13,2.716,1.8574,1.0684,0.5564,2.5408,ABOVE_MA
2021-01-14,2.732,1.8574,1.0777,0.5695,2.5481,ABOVE_MA
2021-01-15,2.7015,1.8574,1.0492,0.5651,2.5543,ABOVE_MA
2021-01-18,2.7015,1.8574,1.0492,0.5651,2.5588,ABOVE_MA
2021-01-19,2.7139,1.8574,1.0561,0.5679,2.5634,ABOVE_MA
2021-01-20,2.7487,1.8574,1.0454,0.5626,2.5685,ABOVE_MA
2021-01-21,2.7708,1.8574,1.0405,0.5572,2.5753,ABOVE_MA
2021-01-22,2.7521,1.8574,1.0315,0.5657,2.581,ABOVE_MA
2021-01-25,2.7307,1.8574,1.004,0.5629,2.5856,ABOVE_MA
2021-01-26,2.7315,1.8574,1.0059,0.5599,2.5907,ABOVE_MA
2021-01-27,2.658,1.8574,1.0034,0.5634,2.5952,ABOVE_MA
2021-01-28,2.6959,1.8574,1.0097,0.5568,2.6004,ABOVE_MA
2021-01-29,2.6577,1.9024,0.9951,0.5596,2.6056,ABOVE_MA
2021-02-01,2.6988,1.9024,1.0034,0.5639,2.6111,ABOVE_MA
2021-02-02,2.7548,1.9024,1.0192,0.564,2.6165,ABOVE_MA
2021-02-03,2.7817,1.9024,1.0282,0.5652,2.6224,ABOVE_MA
2021-02-04,2.8208,1.9024,1.0427,0.5703,2.629,ABOVE_MA
2021-02-05,2.8558,1.9024,1.0377,0.5759,2.6367,ABOVE_MA
2021-02-08,2.864,1.9024,1.0594,0.5864,2.6446,ABOVE_MA
2021-02-09,2.8599,1.9024,1.0582,0.5896,2.6513,ABOVE_MA
2021-02-10,2.8397,1.9024,1.054,0.5859,2.657,ABOVE_MA
2021-02-11,2.8601,1.9024,1.0569,0.5843,2.6635,ABOVE_MA
2021-02-12,2.9103,1.9024,1.0751,0.5831,2.6699,ABOVE_MA
2021-02-15,2.9103,1.9024,1.0751,0.5831,2.6768,ABOVE_MA
2021-02-16,2.9527,1.9024,1.1061,0.5799,2.6846,ABOVE_MA
2021-02-17,2.9348,1.9024,1.1105,0.5752,2.6924,ABOVE_MA
2021-02-18,2.934,1.9024,1.0975,0.5687,2.7006,ABOVE_MA
2021-02-19,2.9684,1.9024,1.1274,0.5817,2.7098,ABOVE_MA
2021-02-22,2.9681,1.9024,1.1605,0.5823,2.719,ABOVE_MA
2021-02-23,2.9803,1.9024,1.158,0.5765,2.7277,ABOVE_MA
2021-02-24,3.0332,1.9024,1.1945,0.5837,2.7372,ABOVE_MA
2021-02-25,3.0093,1.9024,1.1833,0.576,2.7457,ABOVE_MA
2021-02-26,2.898,2.3195,1.1824,0.5782,2.7521,ABOVE_MA
2021-03-01,3.0077,2.3195,1.1933,0.5846,2.7611,ABOVE_MA
2021-03-02,2.984,2.3195,1.1927,0.5778,2.77,ABOVE_MA
2021-03-03,2.977,2.3195,1.2164,0.5793,2.7783,ABOVE_MA
2021-03-04,2.9592,2.3195,1.2035,0.5701,2.7862,ABOVE_MA
2021-03-05,3.0078,2.3195,1.2069,0.5717,2.7952,ABOVE_MA
2021-03-08,3.0162,2.3195,1.2047,0.5773,2.8039,ABOVE_MA
2021-03-09,3.0173,2.3195,1.1785,0.5811,2.8126,ABOVE_MA
2021-03-10,3.03,2.3195,1.1943,0.5876,2.8216,ABOVE_MA
2021-03-11,3.0831,2.3195,1.194,0.5945,2.8316,ABOVE_MA
2021-03-12,3.1543,2.3195,1.1899,0.5971,2.8429,ABOVE_MA
2021-03-15,3.1544,2.3195,1.1684,0.5957,2.8549,ABOVE_MA
2021-03-16,3.163,2.3195,1.155,0.5865,2.8663,ABOVE_MA
2021-03-17,3.1979,2.3195,1.1818,0.5891,2.877,ABOVE_MA
2021-03-18,3.1836,2.3195,1.1923,0.5796,2.8861,ABOVE_MA
2021-03-19,3.1581,2.3195,1.1752,0.5851,2.8943,ABOVE_MA
2021-03-22,3.1481,2.3195,1.1616,0.5761,2.9025,ABOVE_MA
2021-03-23,3.0953,2.3195,1.1286,0.5596,2.9096,ABOVE_MA
2021-03-24,3.0632,2.3195,1.1326,0.5494,2.9166,ABOVE_MA
2021-03-25,3.1048,2.3195,1.1396,0.5593,2.924,ABOVE_MA
2021-03-26,3.1659,2.3195,1.1529,0.5605,2.9333,ABOVE_MA
2021-03-29,3.1915,2.3195,1.1312,0.545,2.9431,ABOVE_MA
2021-03-30,3.1664,2.3195,1.1495,0.5556,2.9522,ABOVE_MA
2021-03-31,3.1971,2.3374,1.1325,0.5608,2.9612,ABOVE_MA
2021-04-01,3.1787,2.3374,1.1474,0.5619,2.9693,ABOVE_MA
2021-04-02,3.1787,2.3374,1.1474,0.5619,2.9778,ABOVE_MA
2021-04-05,3.2386,2.3374,1.1437,0.557,2.988,ABOVE_MA
2021-04-06,3.2149,2.3374,1.1354,0.5556,2.9977,ABOVE_MA
2021-04-07,3.2413,2.3374,1.1428,0.546,3.0093,ABOVE_MA
2021-04-08,3.23,2.3374,1.1439,0.5481,3.02,ABOVE_MA
2021-04-09,3.265,2.3374,1.1548,0.5442,3.0322,ABOVE_MA
2021-04-12,3.2679,2.3374,1.1585,0.5419,3.0435,ABOVE_MA
2021-04-13,3.2531,2.3374,1.1345,0.5388,3.0535,ABOVE_MA
2021-04-14,3.2524,2.3374,1.1364,0.546,3.0629,ABOVE_MA
2021-04-15,3.2333,2.3374,1.1227,0.5426,3.0712,ABOVE_MA
2021-04-16,3.2693,2.3374,1.1218,0.5416,3.0794,ABOVE_MA
2021-04-19,3.2628,2.3374,1.1241,0.5372,3.0874,ABOVE_MA
2021-04-20,3.224,2.3374,1.0895,0.5301,3.0947,ABOVE_MA
2021-04-21,3.248,2.3374,1.1136,0.538,3.1029,ABOVE_MA
2021-04-22,3.2041,2.3374,1.1096,0.5407,3.1097,ABOVE_MA
2021-04-23,3.2467,2.3374,1.1316,0.545,3.1165,ABOVE_MA
2021-04-26,3.2582,2.3374,1.1425,0.5495,3.1234,ABOVE_MA
2021-04-27,3.2862,2.3374,1.1605,0.5505,3.1301,ABOVE_MA
2021-04-28,3.283,2.3374,1.1667,0.5515,3.1371,ABOVE_MA
2021-04-29,3.3137,2.3374,1.1767,0.546,3.1447,ABOVE_MA
2021-04-30,3.2845,2.5326,1.1577,0.5421,3.151,ABOVE_MA
2021-05-03,3.2893,2.5326,1.1632,0.5436,3.1574,ABOVE_MA
2021-05-04,3.2472,2.5326,1.177,0.5405,3.1627,ABOVE_MA
2021-05-05,3.2428,2.5326,1.207,0.5382,3.1669,ABOVE_MA
2021-05-06,3.2632,2.5326,1.2156,0.5343,3.172,ABOVE_MA
2021-05-07,3.3032,2.5326,1.2184,0.5371,3.1801,ABOVE_MA
2021-05-10,3.3042,2.5912,1.2051,0.5287,3.1861,ABOVE_MA
2021-05-11,3.2933,2.5912,1.1986,0.5318,3.1922,ABOVE_MA
2021-05-12,3.2574,2.5912,1.2144,0.5257,3.1978,ABOVE_MA
2021-05-13,3.2914,2.5912,1.2108,0.529,3.2045,ABOVE_MA
2021-05-14,3.311,2.5912,1.2241,0.5338,3.2106,ABOVE_MA
2021-05-17,3.3097,2.5912,1.2362,0.5358,3.2164,ABOVE_MA
2021-05-18,3.2896,2.5912,1.2193,0.5364,3.2219,ABOVE_MA
2021-05-19,3.289,2.5912,1.2136,0.5337,3.227,ABOVE_MA
2021-05-20,3.297,2.5912,1.2041,0.5315,3.2313,ABOVE_MA
2021-05-21,3.2838,2.5912,1.2096,0.5333,3.2339,ABOVE_MA
2021-05-24,3.3053,2.5912,1.2177,0.5313,3.2369,ABOVE_MA
2021-05-25,3.2677,2.5912,1.2204,0.5274,3.239,ABOVE_MA
2021-05-26,3.2796,2.5912,1.2235,0.5362,3.2407,ABOVE_MA
2021-05-27,3.2946,2.5912,1.2462,0.5414,3.2429,ABOVE_MA
2021-05-28,3.3057,2.5912,1.2416,0.5401,3.2458,ABOVE_MA
2021-05-31,3.3057,2.3933,1.2416,0.5401,3.249,ABOVE_MA
2021-06-01,3.3037,2.3933,1.2571,0.5467,3.2532,ABOVE_MA
2021-06-02,3.301,2.3933,1.2525,0.5465,3.2579,ABOVE_MA
2021-06-03,3.3013,2.3933,1.2478,0.5439,3.2618,ABOVE_MA
2021-06-04,3.2864,2.3933,1.2527,0.5413,3.2642,ABOVE_MA
2021-06-07,3.2934,2.3933,1.2424,0.5491,3.2663,ABOVE_MA
2021-06-08,3.2711,2.3933,1.2498,0.5548,3.2684,ABOVE_MA
2021-06-09,3.2376,2.3933,1.2272,0.552,3.2692,BELOW_MA
2021-06-10,3.2333,2.3933,1.205,0.5453,3.2703,BELOW_MA
2021-06-11,3.2439,2.3933,1.2098,0.5502,3.2716,BELOW_MA
2021-06-14,3.2763,2.3933,1.1947,0.5473,3.2723,ABOVE_MA
2021-06-15,3.2741,2.3933,1.1938,0.5468,3.2735,ABOVE_MA
2021-06-16,3.2588,2.3933,1.2105,0.5487,3.2739,BELOW_MA
2021-06-17,3.2095,2.3933,1.1682,0.5427,3.2735,BELOW_MA
2021-06-18,3.1079,2.3933,1.1706,0.5376,3.2703,BELOW_MA
2021-06-21,3.2061,2.3933,1.1823,0.5414,3.2691,BELOW_MA
2021-06-22,3.2154,2.3933,1.1916,0.5409,3.2683,BELOW_MA
2021-06-23,3.2196,2.3933,1.2067,0.5434,3.2677,BELOW_MA
2021-06-24,3.2336,2.3933,1.2233,0.5478,3.2677,BELOW_MA
2021-06-25,3.2791,2.3933,1.2248,0.5468,3.2679,ABOVE_MA
2021-06-28,3.2522,2.3933,1.2081,0.5414,3.2677,BELOW_MA
2021-06-29,3.2485,2.3933,1.2234,0.5385,3.2682,BELOW_MA
2021-06-30,3.2368,2.4181,1.2315,0.5381,3.2679,BELOW_MA
2021-07-01,3.2547,2.4181,1.2276,0.5398,3.2689,BELOW_MA
2021-07-02,3.2599,2.4181,1.2243,0.5307,3.2692,BELOW_MA
2021-07-05,3.2599,2.4181,1.2243,0.5307,3.2692,BELOW_MA
2021-07-06,3.2162,2.4181,1.1998,0.5239,3.2678,BELOW_MA
2021-07-07,3.1992,2.4181,1.1939,0.5172,3.2662,BELOW_MA
2021-07-08,3.1607,2.4181,1.1731,0.5167,3.2631,BELOW_MA
2021-07-09,3.24,2.4181,1.2056,0.522,3.2622,BELOW_MA
2021-07-12,3.256,2.4181,1.2138,0.5206,3.2616,BELOW_MA
2021-07-13,3.2698,2.4181,1.2097,0.5125,3.262,ABOVE_MA
2021-07-14,3.2379,2.4181,1.1938,0.5038,3.2619,BELOW_MA
2021-07-15,3.1916,2.4181,1.1843,0.5027,3.2605,BELOW_MA
2021-07-16,3.1725,2.4181,1.1565,0.5004,3.2579,BELOW_MA
2021-07-19,3.0586,2.4181,1.1421,0.5003,3.2529,BELOW_MA
2021-07-20,3.1326,2.4181,1.1657,0.5086,3.2497,BELOW_MA
2021-07-21,3.1986,2.4181,1.1987,0.5132,3.2486,BELOW_MA
2021-07-22,3.1752,2.4181,1.1839,0.504,3.2462,BELOW_MA
2021-07-23,3.2295,2.4181,1.1711,0.5011,3.2446,BELOW_MA
2021-07-26,3.247,2.4181,1.1773,0.5014,3.2434,ABOVE_MA
2021-07-27,3.1981,2.4181,1.1568,0.4978,3.2415,BELOW_MA
2021-07-28,3.1965,2.4181,1.1646,0.5053,3.2397,BELOW_MA
2021-07-29,3.2278,2.4181,1.1741,0.5071,3.2383,BELOW_MA
2021-07-30,3.1972,2.4378,1.1745,0.5062,3.2366,BELOW_MA
2021-08-02,3.1623,2.4378,1.166,0.5048,3.2337,BELOW_MA
2021-08-03,3.1863,2.4378,1.1722,0.5028,3.2321,BELOW_MA
2021-08-04,3.164,2.4378,1.1643,0.499,3.2298,BELOW_MA
2021-08-05,3.2003,2.4378,1.1666,0.5047,3.2279,BELOW_MA
2021-08-06,3.2601,2.4378,1.1912,0.507,3.227,ABOVE_MA
2021-08-09,3.2692,2.4378,1.1946,0.5046,3.2262,ABOVE_MA
2021-08-10,3.2883,2.4378,1.2056,0.505,3.2259,ABOVE_MA
2021-08-11,3.2986,2.4378,1.2084,0.5062,3.2259,ABOVE_MA
2021-08-12,3.3139,2.4378,1.2092,0.5035,3.2261,ABOVE_MA
2021-08-13,3.2685,2.4378,1.1917,0.498,3.2258,ABOVE_MA
2021-08-16,3.2682,2.4378,1.1816,0.4922,3.2253,ABOVE_MA
2021-08-17,3.2481,2.4378,1.1725,0.4894,3.2248,ABOVE_MA
2021-08-18,3.2018,2.4378,1.1641,0.4905,3.2241,BELOW_MA
2021-08-19,3.1833,2.4378,1.1508,0.4839,3.2231,BELOW_MA
2021-08-20,3.2064,2.4378,1.1437,0.4882,3.2223,BELOW_MA
2021-08-23,3.2368,2.4378,1.1682,0.4931,3.2215,ABOVE_MA
2021-08-24,3.2674,2.4378,1.1826,0.4972,3.2214,ABOVE_MA
2021-08-25,3.3017,2.4378,1.1947,0.4979,3.2223,ABOVE_MA
2021-08-26,3.273,2.4378,1.1914,0.4955,3.2235,ABOVE_MA
2021-08-27,3.28,2.4378,1.2076,0.505,3.227,ABOVE_MA
2021-08-30,3.2857,2.4378,1.1889,0.5007,3.2286,ABOVE_MA
2021-08-31,3.3033,2.3985,1.1888,0.5024,3.2303,ABOVE_MA
2021-09-01,3.2997,2.3985,1.1665,0.5055,3.2319,ABOVE_MA
2021-09-02,3.2956,2.3985,1.1597,0.5075,3.2332,ABOVE_MA
2021-09-03,3.3248,2.3985,1.1624,0.5053,3.2341,ABOVE_MA
2021-09-06,3.3248,2.3985,1.1624,0.5053,3.2355,ABOVE_MA
2021-09-07,3.3411,2.3985,1.171,0.5036,3.2374,ABOVE_MA
2021-09-08,3.3146,2.3985,1.1476,0.4987,3.2389,ABOVE_MA
2021-09-09,3.2609,2.3985,1.1573,0.5006,3.2391,ABOVE_MA
2021-09-10,3.2639,2.3985,1.1649,0.4996,3.2392,ABOVE_MA
2021-09-13,3.2525,2.3985,1.1803,0.5012,3.239,ABOVE_MA
2021-09-14,3.1963,2.3985,1.1681,0.4975,3.2386,BELOW_MA
2021-09-15,3.2344,2.3985,1.1811,0.4978,3.2393,BELOW_MA
2021-09-16,3.244,2.3985,1.1878,0.499,3.241,ABOVE_MA
2021-09-17,3.2281,2.3985,1.2007,0.5046,3.2407,BELOW_MA
2021-09-20,3.1353,2.3985,1.1751,0.5009,3.2383,BELOW_MA
2021-09-21,3.135,2.3985,1.177,0.5022,3.2356,BELOW_MA
2021-09-22,3.1468,2.3985,1.1969,0.505,3.2338,BELOW_MA
2021-09-23,3.2588,2.3985,1.2332,0.5078,3.2351,ABOVE_MA
2021-09-24,3.2963,2.3985,1.2408,0.5045,3.2376,ABOVE_MA
2021-09-27,3.2991,2.3985,1.2731,0.5136,3.2424,ABOVE_MA
2021-09-28,3.2838,2.3985,1.2676,0.5123,3.2455,ABOVE_MA
2021-09-29,3.2835,2.3985,1.2525,0.5103,3.2472,ABOVE_MA
2021-09-30,3.2439,2.3221,1.2423,0.5118,3.2485,BELOW_MA
2021-10-01,3.255,2.3221,1.263,0.5139,3.249,ABOVE_MA
2021-10-04,3.2212,2.3221,1.2352,0.5159,3.2485,BELOW_MA
2021-10-05,3.2864,2.3221,1.2626,0.5124,3.2503,ABOVE_MA
2021-10-06,3.2816,2.3221,1.2447,0.5076,3.252,ABOVE_MA
2021-10-07,3.345,2.3221,1.2585,0.511,3.2543,ABOVE_MA
2021-10-08,3.3624,2.3221,1.2742,0.5081,3.2576,ABOVE_MA
2021-10-11,3.3465,2.3221,1.2787,0.5089,3.2613,ABOVE_MA
2021-10-12,3.2822,2.3221,1.2662,0.5129,3.2632,ABOVE_MA
2021-10-13,3.2623,2.3221,1.2446,0.5135,3.2652,BELOW_MA
2021-10-14,3.3048,2.3221,1.2499,0.5125,3.2673,ABOVE_MA
2021-10-15,3.3496,2.3221,1.2721,0.507,3.2691,ABOVE_MA
2021-10-18,3.3438,2.3221,1.2849,0.5052,3.2706,ABOVE_MA
2021-10-19,3.4168,2.3221,1.2814,0.5032,3.2731,ABOVE_MA
2021-10-20,3.4536,2.3221,1.2715,0.5046,3.2762,ABOVE_MA
2021-10-21,3.4665,2.3221,1.2661,0.5046,3.2793,ABOVE_MA
2021-10-22,3.4251,2.3221,1.2773,0.5039,3.2824,ABOVE_MA
2021-10-25,3.4488,2.3221,1.2815,0.506,3.286,ABOVE_MA
2021-10-26,3.4235,2.3221,1.2753,0.5017,3.2896,ABOVE_MA
2021-10-27,3.3476,2.3221,1.2629,0.4947,3.2925,ABOVE_MA
2021-10-28,3.3913,2.3221,1.2703,0.4997,3.2966,ABOVE_MA
2021-10-29,3.3878,2.4615,1.2725,0.4986,3.3003,ABOVE_MA
2021-11-01,3.4183,2.4615,1.2689,0.5106,3.3039,ABOVE_MA
2021-11-02,3.417,2.4615,1.2707,0.5096,3.3069,ABOVE_MA
2021-11-03,3.4738,2.4615,1.2802,0.5156,3.3103,ABOVE_MA
2021-11-04,3.4537,2.4615,1.2704,0.513,3.3139,ABOVE_MA
2021-11-05,3.4148,2.4615,1.2595,0.5182,3.3166,ABOVE_MA
2021-11-08,3.4241,2.4615,1.285,0.5194,3.3194,ABOVE_MA
2021-11-09,3.369,2.4615,1.2715,0.518,3.3207,ABOVE_MA
2021-11-10,3.404,2.4615,1.2592,0.514,3.3228,ABOVE_MA
2021-11-11,3.4102,2.4615,1.2704,0.518,3.3251,ABOVE_MA
2021-11-12,3.451,2.4615,1.2743,0.5146,3.3276,ABOVE_MA
2021-11-15,3.4963,2.4615,1.2576,0.5124,3.331,ABOVE_MA
2021-11-16,3.5191,2.4615,1.2622,0.5113,3.3346,ABOVE_MA
2021-11-17,3.4828,2.4615,1.2464,0.5059,3.338,ABOVE_MA
2021-11-18,3.4814,2.4615,1.247,0.502,3.3424,ABOVE_MA
2021-11-19,3.439,2.4615,1.2263,0.4983,3.3459,ABOVE_MA
2021-11-22,3.4701,2.4615,1.236,0.4976,3.3502,ABOVE_MA
2021-11-23,3.5255,2.4615,1.2539,0.4961,3.3568,ABOVE_MA
2021-11-24,3.479,2.4615,1.2504,0.4953,3.3617,ABOVE_MA
2021-11-25,3.479,2.4615,1.2504,0.4953,3.3664,ABOVE_MA
2021-11-26,3.3177,2.4615,1.2282,0.4875,3.3682,BELOW_MA
2021-11-29,3.3857,2.4615,1.214,0.4813,3.3732,ABOVE_MA
2021-11-30,3.27,2.4438,1.2205,0.4808,3.3759,BELOW_MA
2021-12-01,3.2138,2.4438,1.2049,0.4753,3.3772,BELOW_MA
2021-12-02,3.2591,2.4438,1.2252,0.4812,3.3773,BELOW_MA
2021-12-03,3.1926,2.4438,1.1936,0.4755,3.3752,BELOW_MA
2021-12-06,3.2755,2.4438,1.1933,0.4793,3.3747,BELOW_MA
2021-12-07,3.3702,2.4438,1.2057,0.4805,3.3764,BELOW_MA
2021-12-08,3.4388,2.4438,1.2003,0.4825,3.3795,ABOVE_MA
2021-12-09,3.3966,2.4438,1.1996,0.4748,3.3826,ABOVE_MA
2021-12-10,3.4368,2.4438,1.1943,0.4691,3.3862,ABOVE_MA
2021-12-13,3.3567,2.4438,1.1668,0.4663,3.3889,BELOW_MA
2021-12-14,3.3415,2.4438,1.1813,0.4655,3.39,BELOW_MA
2021-12-15,3.4267,2.4438,1.1655,0.4656,3.3929,ABOVE_MA
2021-12-16,3.3952,2.4438,1.1742,0.4603,3.394,ABOVE_MA
2021-12-17,3.3214,2.4438,1.1659,0.4695,3.3931,BELOW_MA
2021-12-20,3.311,2.4438,1.142,0.4679,3.3924,BELOW_MA
2021-12-21,3.3827,2.4438,1.1672,0.4729,3.3944,BELOW_MA
2021-12-22,3.4007,2.4438,1.1678,0.4727,3.3972,ABOVE_MA
2021-12-23,3.4518,2.4438,1.174,0.4735,3.4001,ABOVE_MA
2021-12-24,3.4518,2.4438,1.174,0.4735,3.4022,ABOVE_MA
2021-12-27,3.4923,2.4438,1.1806,0.4713,3.4052,ABOVE_MA
2021-12-28,3.5033,2.4438,1.1707,0.4688,3.4069,ABOVE_MA
2021-12-29,3.5466,2.4438,1.1627,0.4687,3.4087,ABOVE_MA
2021-12-30,3.5073,2.4438,1.1561,0.4699,3.4096,ABOVE_MA
2021-12-31,3.4916,2.4505,1.1502,0.47,3.4109,ABOVE_MA
2022-01-03,3.6064,2.4505,1.1763,0.4734,3.414,ABOVE_MA
2022-01-04,3.6204,2.4505,1.2107,0.4728,3.418,ABOVE_MA
2022-01-05,3.5701,2.4505,1.1974,0.4657,3.4224,ABOVE_MA
2022-01-06,3.5575,2.4505,1.2279,0.4688,3.4258,ABOVE_MA
2022-01-07,3.5693,2.4505,1.2329,0.4653,3.4294,ABOVE_MA
2022-01-10,3.5559,2.4505,1.2367,0.4642,3.4321,ABOVE_MA
2022-01-11,3.5648,2.4505,1.2587,0.4649,3.4351,ABOVE_MA
2022-01-12,3.5879,2.4505,1.256,0.4602,3.4374,ABOVE_MA
2022-01-13,3.5074,2.4505,1.2451,0.4623,3.4384,ABOVE_MA
2022-01-14,3.5626,2.4505,1.2406,0.4628,3.4414,ABOVE_MA
2022-01-17,3.5626,2.4505,1.2406,0.4628,3.4442,ABOVE_MA
2022-01-18,3.5495,2.4505,1.2277,0.4569,3.4478,ABOVE_MA
2022-01-19,3.4886,2.4505,1.2014,0.4542,3.4495,ABOVE_MA
2022-01-20,3.4287,2.4505,1.1923,0.451,3.4498,BELOW_MA
2022-01-21,3.322,2.4505,1.17,0.4514,3.4473,BELOW_MA
2022-01-24,3.3637,2.4505,1.1849,0.4598,3.4446,BELOW_MA
2022-01-25,3.328,2.4505,1.2087,0.4593,3.4408,BELOW_MA
2022-01-26,3.3602,2.4505,1.222,0.4538,3.4383,BELOW_MA
2022-01-27,3.2833,2.4505,1.1998,0.4457,3.4344,BELOW_MA
2022-01-28,3.3638,2.4505,1.2015,0.4434,3.4329,BELOW_MA
2022-01-31,3.4421,2.4215,1.1892,0.4489,3.4323,ABOVE_MA
2022-02-01,3.4768,2.4215,1.2218,0.4506,3.4313,ABOVE_MA
2022-02-02,3.499,2.4215,1.2121,0.4418,3.4317,ABOVE_MA
2022-02-03,3.4435,2.4215,1.2042,0.4439,3.431,ABOVE_MA
2022-02-04,3.5115,2.4215,1.2349,0.4437,3.4349,ABOVE_MA
2022-02-07,3.4979,2.4215,1.2402,0.4473,3.4372,ABOVE_MA
2022-02-08,3.5504,2.4215,1.2565,0.4512,3.4428,ABOVE_MA
2022-02-09,3.5956,2.4215,1.259,0.4532,3.4504,ABOVE_MA
2022-02-10,3.5882,2.4215,1.2802,0.4544,3.457,ABOVE_MA
2022-02-11,3.4659,2.4215,1.2619,0.4588,3.4624,ABOVE_MA
2022-02-14,3.4983,2.4215,1.2583,0.4588,3.4669,ABOVE_MA
2022-02-15,3.5952,2.4215,1.2814,0.4636,3.4714,ABOVE_MA
2022-02-16,3.5783,2.4215,1.2794,0.464,3.4742,ABOVE_MA
2022-02-17,3.4759,2.4215,1.2469,0.462,3.4758,ABOVE_MA
2022-02-18,3.4175,2.4215,1.2491,0.461,3.4754,BELOW_MA
2022-02-21,3.4175,2.4215,1.2491,0.461,3.4766,BELOW_MA
2022-02-22,3.3721,2.4215,1.2439,0.4594,3.4772,BELOW_MA
2022-02-23,3.3585,2.4215,1.2431,0.459,3.4759,BELOW_MA
2022-02-24,3.4068,2.4215,1.2185,0.464,3.4761,BELOW_MA
2022-02-25,3.4794,2.4215,1.2196,0.4642,3.4792,ABOVE_MA
2022-02-28,3.396,2.3365,1.1955,0.4673,3.4809,BELOW_MA
2022-03-01,3.3062,2.3365,1.1617,0.4656,3.4794,BELOW_MA
2022-03-02,3.486,2.3365,1.1773,0.4681,3.4811,ABOVE_MA
2022-03-03,3.4337,2.3365,1.1534,0.4649,3.4808,BELOW_MA
2022-03-04,3.3481,2.3365,1.1074,0.4613,3.4787,BELOW_MA
2022-03-07,3.2743,2.3365,1.0532,0.4635,3.4743,BELOW_MA
2022-03-08,3.2825,2.2751,1.0633,0.4696,3.4699,BELOW_MA
2022-03-09,3.4038,2.2751,1.1104,0.4703,3.4671,BELOW_MA
2022-03-10,3.4379,2.2751,1.094,0.4715,3.4657,BELOW_MA
2022-03-11,3.3829,2.2751,1.0895,0.47,3.4635,BELOW_MA
2022-03-14,3.4384,2.2751,1.1047,0.4638,3.4601,BELOW_MA
2022-03-15,3.5201,2.2751,1.1062,0.461,3.4581,ABOVE_MA
2022-03-16,3.5633,2.2751,1.1395,0.4652,3.458,ABOVE_MA
2022-03-17,3.635,2.2751,1.1486,0.4667,3.4595,ABOVE_MA
2022-03-18,3.6305,2.2751,1.1611,0.4665,3.4608,ABOVE_MA
2022-03-21,3.7154,2.2751,1.1524,0.4625,3.464,ABOVE_MA
2022-03-22,3.8076,2.2751,1.1696,0.4617,3.4688,ABOVE_MA
2022-03-23,3.6781,2.2751,1.1463,0.4597,3.4706,ABOVE_MA
2022-03-24,3.7631,2.2751,1.1436,0.458,3.4757,ABOVE_MA
2022-03-25,3.8345,2.2751,1.1418,0.4564,3.4812,ABOVE_MA
2022-03-28,3.8289,2.2751,1.1314,0.4534,3.4865,ABOVE_MA
2022-03-29,3.8474,2.2751,1.1232,0.4598,3.4924,ABOVE_MA
2022-03-30,3.7939,2.2751,1.1063,0.4534,3.4986,ABOVE_MA
2022-03-31,3.7264,2.415,1.0823,0.4556,3.5045,ABOVE_MA
2022-04-01,3.7231,2.415,1.0642,0.4594,3.5125,ABOVE_MA
2022-04-04,3.7812,2.415,1.0677,0.4563,3.5209,ABOVE_MA
2022-04-05,3.8197,2.415,1.0545,0.4512,3.5307,ABOVE_MA
2022-04-06,3.8121,2.415,1.0268,0.4493,3.5398,ABOVE_MA
2022-04-07,3.8606,2.415,1.0284,0.4455,3.5513,ABOVE_MA
2022-04-08,3.8926,2.415,1.035,0.4432,3.5619,ABOVE_MA
2022-04-11,3.8873,2.415,1.0446,0.4478,3.5708,ABOVE_MA
2022-04-12,3.8784,2.415,1.0294,0.4509,3.5788,ABOVE_MA
2022-04-13,3.9148,2.415,1.0316,0.4543,3.5871,ABOVE_MA
2022-04-14,3.9453,2.415,1.0195,0.4556,3.5972,ABOVE_MA
2022-04-15,3.9453,2.415,1.0195,0.4556,3.6058,ABOVE_MA
2022-04-18,3.9665,2.415,1.0308,0.4523,3.6152,ABOVE_MA
2022-04-19,4.0608,2.415,1.0386,0.454,3.6254,ABOVE_MA
2022-04-20,3.9778,2.415,1.0371,0.4561,3.6331,ABOVE_MA
2022-04-21,3.9478,2.415,1.038,0.4526,3.6403,ABOVE_MA
2022-04-22,3.8636,2.415,1.0242,0.4534,3.6482,ABOVE_MA
2022-04-25,3.8475,2.415,1.0332,0.4535,3.6552,ABOVE_MA
2022-04-26,3.6989,2.415,1.0175,0.4523,3.6573,ABOVE_MA
2022-04-27,3.7575,2.415,1.0213,0.4491,3.6608,ABOVE_MA
2022-04-28,3.8466,2.415,1.0229,0.4463,3.6683,ABOVE_MA
2022-04-29,3.7532,2.3382,1.0183,0.45,3.675,ABOVE_MA
2022-05-02,3.8425,2.3382,1.0293,0.452,3.6835,ABOVE_MA
2022-05-03,3.8343,2.3382,1.0387,0.4538,3.6927,ABOVE_MA
2022-05-04,3.9294,2.3382,1.0468,0.4521,3.7041,ABOVE_MA
2022-05-05,3.8965,2.3382,1.0269,0.4498,3.7139,ABOVE_MA
2022-05-06,3.9309,2.3382,1.0115,0.4449,3.723,ABOVE_MA
2022-05-09,3.7721,2.3382,0.9947,0.4403,3.7305,ABOVE_MA
2022-05-10,3.7467,2.3382,0.9981,0.4394,3.7393,ABOVE_MA
2022-05-11,3.6174,2.3382,0.9817,0.4354,3.7419,BELOW_MA
2022-05-12,3.6202,2.3382,0.9844,0.441,3.7457,BELOW_MA
2022-05-13,3.7625,2.3382,0.9871,0.4443,3.7539,ABOVE_MA
2022-05-16,3.7513,2.3382,0.9759,0.444,3.7635,BELOW_MA
2022-05-17,3.8752,2.3382,0.9916,0.4484,3.7753,ABOVE_MA
2022-05-18,3.6414,2.3382,0.9737,0.4508,3.7801,BELOW_MA
2022-05-19,3.6106,2.3382,0.9693,0.4544,3.7835,BELOW_MA
2022-05-20,3.5713,2.3382,0.965,0.453,3.7873,BELOW_MA
2022-05-23,3.6992,2.3382,0.9845,0.4501,3.7925,BELOW_MA
2022-05-24,3.6,2.3382,0.963,0.4468,3.7941,BELOW_MA
2022-05-25,3.6175,2.3382,0.9715,0.4509,3.7952,BELOW_MA
2022-05-26,3.7064,2.3382,0.9912,0.4519,3.7966,BELOW_MA
2022-05-27,3.7883,2.3382,0.9923,0.453,3.7998,BELOW_MA
2022-05-30,3.7883,2.3382,0.9923,0.453,3.8012,BELOW_MA
2022-05-31,3.8484,2.3239,1.0036,0.4499,3.8021,ABOVE_MA
2022-06-01,3.8214,2.3239,0.9888,0.451,3.8049,ABOVE_MA
2022-06-02,3.8923,2.3239,0.9958,0.4533,3.8075,ABOVE_MA
2022-06-03,3.8367,2.3239,0.9861,0.4568,3.8076,ABOVE_MA
2022-06-06,3.9206,2.3239,0.9847,0.4573,3.8094,ABOVE_MA
2022-06-07,3.9162,2.3239,0.9863,0.4603,3.8108,ABOVE_MA
2022-06-08,3.9082,2.3239,0.9881,0.4582,3.8131,ABOVE_MA
2022-06-09,3.8026,2.3239,0.9869,0.4596,3.8146,BELOW_MA
2022-06-10,3.7153,2.3239,0.9588,0.4605,3.8144,BELOW_MA
2022-06-13,3.6899,2.3239,0.9749,0.4562,3.8126,BELOW_MA
2022-06-14,3.726,2.3239,0.9919,0.4553,3.8107,BELOW_MA
2022-06-15,3.7098,2.3239,0.9963,0.4555,3.8087,BELOW_MA
2022-06-16,3.5587,2.159,0.9904,0.4493,3.8026,BELOW_MA
2022-06-17,3.5551,2.159,1.0024,0.4518,3.7959,BELOW_MA
2022-06-20,3.5551,2.159,1.0024,0.4518,3.7892,BELOW_MA
2022-06-21,3.7074,2.159,1.0034,0.4486,3.7858,BELOW_MA
2022-06-22,3.6017,2.159,0.9906,0.4486,3.7796,BELOW_MA
2022-06-23,3.607,2.159,0.9642,0.4496,3.7728,BELOW_MA
2022-06-24,3.7743,2.159,0.9826,0.4492,3.7694,ABOVE_MA
2022-06-27,3.7922,2.159,0.9715,0.4526,3.7659,ABOVE_MA
2022-06-28,3.6973,2.159,0.9656,0.4534,3.7586,BELOW_MA
2022-06-29,3.6376,2.159,0.9592,0.4491,3.7518,BELOW_MA
2022-06-30,3.5768,2.0418,0.9406,0.4493,3.7444,BELOW_MA
2022-07-01,3.5776,2.0418,0.9303,0.4499,3.7387,BELOW_MA
2022-07-04,3.5776,2.0418,0.9303,0.4499,3.7333,BELOW_MA
2022-07-05,3.5567,2.0418,0.9602,0.4528,3.7304,BELOW_MA
2022-07-06,3.6293,2.0418,0.9476,0.4479,3.7279,BELOW_MA
2022-07-07,3.7166,2.0418,0.9625,0.4518,3.7253,BELOW_MA
2022-07-08,3.755,2.0418,0.9636,0.4521,3.7253,ABOVE_MA
2022-07-11,3.6491,2.0418,0.9496,0.4481,3.7214,BELOW_MA
2022-07-12,3.5957,2.0418,0.9484,0.4506,3.7167,BELOW_MA
2022-07-13,3.5362,2.0418,0.9437,0.4526,3.7088,BELOW_MA
2022-07-14,3.5565,2.0418,0.9258,0.449,3.702,BELOW_MA
2022-07-15,3.6041,1.9355,0.9553,0.4498,3.6955,BELOW_MA
2022-07-18,3.612,1.9355,0.965,0.4522,3.6923,BELOW_MA
2022-07-19,3.73,1.9355,0.9878,0.4559,3.6919,ABOVE_MA
2022-07-20,3.7437,1.9355,1.0046,0.4601,3.6945,ABOVE_MA
2022-07-21,3.7178,1.9355,1.0084,0.4578,3.6964,ABOVE_MA
2022-07-22,3.6223,1.9355,0.9891,0.4547,3.6936,BELOW_MA
2022-07-25,3.6627,1.9355,0.9832,0.4565,3.6918,BELOW_MA
2022-07-26,3.6165,1.9355,0.9638,0.4591,3.6867,BELOW_MA
2022-07-27,3.7314,1.9355,0.978,0.4577,3.6885,ABOVE_MA
2022-07-28,3.7483,1.9355,0.9505,0.4582,3.6912,ABOVE_MA
2022-07-29,3.8132,1.9882,0.9561,0.4549,3.6961,ABOVE_MA
2022-08-01,3.7125,1.9882,0.9471,0.456,3.6963,ABOVE_MA
2022-08-02,3.7677,1.9882,0.9382,0.4586,3.6997,ABOVE_MA
2022-08-03,3.7675,1.9882,0.9467,0.4582,3.7027,ABOVE_MA
2022-08-04,3.7661,1.9882,0.9414,0.4575,3.7039,ABOVE_MA
2022-08-05,3.8516,1.9882,0.952,0.4618,3.7051,ABOVE_MA
2022-08-08,3.7861,1.9882,0.95,0.4672,3.7051,ABOVE_MA
2022-08-09,3.7856,1.9882,0.944,0.4627,3.7038,ABOVE_MA
2022-08-10,3.8906,1.9882,0.9608,0.4661,3.7052,ABOVE_MA
2022-08-11,3.9832,1.9882,0.9726,0.4679,3.707,ABOVE_MA
2022-08-12,4.0103,1.9882,0.9721,0.4695,3.7105,ABOVE_MA
2022-08-15,4.03,1.9882,0.9637,0.4692,3.7127,ABOVE_MA
2022-08-16,4.0213,1.9882,0.9679,0.4681,3.7148,ABOVE_MA
2022-08-17,4.0347,1.9882,0.9646,0.4635,3.7173,ABOVE_MA
2022-08-18,4.0408,1.9882,0.9622,0.4652,3.7221,ABOVE_MA
2022-08-19,4.0516,1.9882,0.9436,0.4614,3.7288,ABOVE_MA
2022-08-22,3.9804,1.9882,0.9355,0.4616,3.7346,ABOVE_MA
2022-08-23,3.993,1.9882,0.9375,0.4634,3.74,ABOVE_MA
2022-08-24,4.0353,1.9882,0.9394,0.4655,3.7465,ABOVE_MA
2022-08-25,4.036,1.9882,0.9479,0.4661,3.756,ABOVE_MA
2022-08-26,3.8701,1.9882,0.9338,0.4666,3.7623,ABOVE_MA
2022-08-29,3.8768,1.9882,0.9247,0.4654,3.7688,ABOVE_MA
2022-08-30,3.8246,1.9882,0.9334,0.464,3.7711,ABOVE_MA
2022-08-31,3.8322,2.0152,0.9323,0.4647,3.7757,ABOVE_MA
2022-09-01,3.9159,2.0152,0.9221,0.4582,3.7819,ABOVE_MA
2022-09-02,3.8527,2.0152,0.9245,0.4595,3.7835,ABOVE_MA
2022-09-05,3.8527,2.0152,0.9245,0.4595,3.7847,ABOVE_MA
2022-09-06,3.9359,2.0152,0.9199,0.4567,3.7894,ABOVE_MA
2022-09-07,3.9441,2.0152,0.9097,0.4584,3.7956,ABOVE_MA
2022-09-08,4.0111,2.0152,0.9266,0.4592,3.8043,ABOVE_MA
2022-09-09,4.0641,2.0152,0.9312,0.4612,3.814,ABOVE_MA
2022-09-12,4.1421,2.0152,0.9299,0.4619,3.8253,ABOVE_MA
2022-09-13,3.9528,2.0152,0.9198,0.464,3.8332,ABOVE_MA
2022-09-14,3.9542,2.0152,0.9094,0.464,3.8397,ABOVE_MA
2022-09-15,3.9117,2.0152,0.936,0.4659,3.8436,ABOVE_MA
2022-09-16,3.9148,2.0152,0.9309,0.4627,3.8468,ABOVE_MA
2022-09-19,3.936,2.0152,0.9292,0.4631,3.8525,ABOVE_MA
2022-09-20,3.9299,2.0152,0.9288,0.462,3.8592,ABOVE_MA
2022-09-21,3.7976,2.0152,0.9223,0.4631,3.8644,BELOW_MA
2022-09-22,3.8645,2.0152,0.9101,0.4565,3.8706,BELOW_MA
2022-09-23,3.7842,2.0152,0.906,0.4532,3.8742,BELOW_MA
2022-09-26,3.8199,2.0152,0.9138,0.4514,3.8784,BELOW_MA
2022-09-27,3.913,2.0152,0.9255,0.4541,3.882,ABOVE_MA
2022-09-28,3.8609,2.0152,0.9336,0.4595,3.8844,BELOW_MA
2022-09-29,3.7997,2.0152,0.9606,0.4587,3.886,BELOW_MA
2022-09-30,3.79,2.0156,0.9703,0.4625,3.8894,BELOW_MA
2022-10-03,3.8293,2.0156,0.9682,0.4626,3.8927,BELOW_MA
2022-10-04,3.9592,2.0156,0.9836,0.4665,3.8995,ABOVE_MA
2022-10-05,3.988,2.0156,0.998,0.4641,3.9047,ABOVE_MA
2022-10-06,3.9687,2.0156,1.0173,0.4663,3.9091,ABOVE_MA
2022-10-07,3.8961,2.0156,1.0142,0.4656,3.9107,BELOW_MA
2022-10-10,3.9272,2.0156,1.008,0.4666,3.915,ABOVE_MA
2022-10-11,3.885,2.0156,0.999,0.4697,3.9174,BELOW_MA
2022-10-12,3.8534,2.0156,1.0309,0.47,3.9191,BELOW_MA
2022-10-13,3.9935,2.0156,1.0473,0.4692,3.9236,ABOVE_MA
2022-10-14,3.9348,2.0156,1.0448,0.4673,3.9253,ABOVE_MA
2022-10-17,4.0555,2.0156,1.0488,0.4701,3.9307,ABOVE_MA
2022-10-18,4.0936,2.0156,1.0469,0.4702,3.9369,ABOVE_MA
2022-10-19,4.1401,2.0156,1.0433,0.4654,3.9419,ABOVE_MA
2022-10-20,4.1769,2.0156,1.053,0.4634,3.9457,ABOVE_MA
2022-10-21,4.3565,2.0526,1.0646,0.4622,3.9526,ABOVE_MA
2022-10-24,4.4466,2.0526,1.07,0.4586,3.961,ABOVE_MA
2022-10-25,4.39,2.0526,1.0615,0.4637,3.9684,ABOVE_MA
2022-10-26,4.2949,2.0526,1.0645,0.4696,3.9736,ABOVE_MA
2022-10-27,4.2278,2.0526,1.0647,0.4722,3.9773,ABOVE_MA
2022-10-28,4.3583,2.0526,1.062,0.4717,3.9834,ABOVE_MA
2022-10-31,4.3579,2.1176,1.0656,0.4756,3.991,ABOVE_MA
2022-11-01,4.2989,2.1176,1.064,0.4783,3.9971,ABOVE_MA
2022-11-02,4.2091,2.1176,1.0613,0.4743,4.0006,ABOVE_MA
2022-11-03,4.1884,2.1176,1.0454,0.476,4.0036,ABOVE_MA
2022-11-04,4.3211,2.1176,1.0583,0.4756,4.0126,ABOVE_MA
2022-11-07,4.4068,2.1176,1.0897,0.4733,4.0232,ABOVE_MA
2022-11-08,4.3822,2.1176,1.0884,0.4709,4.0344,ABOVE_MA
2022-11-09,4.2781,2.1176,1.0783,0.4676,4.0433,ABOVE_MA
2022-11-10,4.346,2.1176,1.0819,0.4705,4.0519,ABOVE_MA
2022-11-11,4.4043,2.1176,1.1033,0.4698,4.0629,ABOVE_MA
2022-11-14,4.3774,2.1176,1.1006,0.4686,4.0734,ABOVE_MA
2022-11-15,4.3443,2.1176,1.091,0.4715,4.0816,ABOVE_MA
2022-11-16,4.2189,2.1176,1.0764,0.4668,4.0871,ABOVE_MA
2022-11-17,4.2511,2.1176,1.0895,0.4638,4.0919,ABOVE_MA
2022-11-18,4.2999,2.1176,1.0755,0.4648,4.0966,ABOVE_MA
2022-11-21,4.2663,2.1176,1.0742,0.464,4.0991,ABOVE_MA
2022-11-22,4.263,2.1176,1.0761,0.4627,4.1053,ABOVE_MA
2022-11-23,4.2166,2.1176,1.0683,0.461,4.1106,ABOVE_MA
2022-11-24,4.2166,2.1176,1.0683,0.461,4.1167,ABOVE_MA
2022-11-25,4.2301,2.1176,1.0661,0.4621,4.123,ABOVE_MA
2022-11-28,4.1507,2.1176,1.0586,0.4601,4.1273,ABOVE_MA
2022-11-29,4.1927,2.1176,1.0727,0.4623,4.1325,ABOVE_MA
2022-11-30,4.2934,2.081,1.0644,0.4604,4.1424,ABOVE_MA
2022-12-01,4.1571,2.081,1.0592,0.4598,4.1483,ABOVE_MA
2022-12-02,4.1007,2.081,1.0592,0.463,4.1546,BELOW_MA
2022-12-05,4.0842,2.081,1.0388,0.4585,4.1599,BELOW_MA
2022-12-06,3.9743,2.081,1.0233,0.4581,4.1611,BELOW_MA
2022-12-07,3.876,2.081,1.0241,0.4575,4.1614,BELOW_MA
2022-12-08,3.9172,2.081,1.018,0.4572,4.1638,BELOW_MA
2022-12-09,3.9919,2.081,1.0209,0.455,4.1678,BELOW_MA
2022-12-12,4.0366,2.081,1.011,0.4538,4.172,BELOW_MA
2022-12-13,4.028,2.081,1.011,0.4541,4.1733,BELOW_MA
2022-12-14,3.9855,2.081,0.9994,0.4541,4.1733,BELOW_MA
2022-12-15,3.8728,2.081,0.9917,0.4538,4.1714,BELOW_MA
2022-12-16,3.8704,2.081,1.0013,0.4558,4.1709,BELOW_MA
2022-12-19,3.9032,2.081,1.0025,0.4535,4.1704,BELOW_MA
2022-12-20,3.9791,2.081,1.0063,0.4552,4.1723,BELOW_MA
2022-12-21,4.0285,2.081,1.0081,0.4563,4.1758,BELOW_MA
2022-12-22,3.9719,2.081,1.0053,0.4568,4.1753,BELOW_MA
2022-12-23,4.0542,2.081,1.0006,0.4563,4.1777,BELOW_MA
2022-12-26,4.0542,2.081,1.0006,0.4563,4.1777,BELOW_MA
2022-12-27,4.1194,2.081,0.9942,0.455,4.1782,BELOW_MA
2022-12-28,4.0926,2.081,1.0003,0.4536,4.1773,BELOW_MA
2022-12-29,4.1192,2.081,1.0071,0.4568,4.1761,BELOW_MA
2022-12-30,4.1548,2.0888,1.014,0.4567,4.1721,BELOW_MA
2023-01-02,4.1548,2.0888,1.014,0.4567,4.1662,BELOW_MA
2023-01-03,4.0598,2.0888,1.0174,0.4562,4.1596,BELOW_MA
2023-01-04,4.0357,2.0888,1.0244,0.4583,4.1544,BELOW_MA
2023-01-05,3.973,2.0888,1.0394,0.4586,4.1493,BELOW_MA
2023-01-06,3.9907,2.0888,1.0414,0.4584,4.142,BELOW_MA
2023-01-09,3.9672,2.0888,1.0307,0.4594,4.1342,BELOW_MA
2023-01-10,4.0624,2.0888,1.0362,0.463,4.1294,BELOW_MA
2023-01-11,4.0481,2.0888,1.0377,0.4629,4.1262,BELOW_MA
2023-01-12,3.9843,2.0888,1.0466,0.469,4.1221,BELOW_MA
2023-01-13,4.0377,2.0888,1.0584,0.4703,4.1165,BELOW_MA
2023-01-16,4.0377,2.0888,1.0584,0.4703,4.1091,BELOW_MA
2023-01-17,4.0564,2.0888,1.0526,0.4705,4.1026,BELOW_MA
2023-01-18,3.8982,2.0888,1.0584,0.4704,4.095,BELOW_MA
2023-01-19,3.894,2.0888,1.0567,0.4693,4.0859,BELOW_MA
2023-01-20,4.0321,2.0888,1.0672,0.4683,4.0785,BELOW_MA
2023-01-23,4.0995,2.0888,1.0795,0.4684,4.0729,ABOVE_MA
2023-01-24,4.0371,2.0888,1.0747,0.4679,4.0668,BELOW_MA
2023-01-25,4.0289,2.0888,1.0974,0.4691,4.063,BELOW_MA
2023-01-26,4.092,2.0888,1.0996,0.4667,4.0598,ABOVE_MA
2023-01-27,4.1119,2.0888,1.0996,0.4682,4.0561,ABOVE_MA
2023-01-30,4.0752,2.0888,1.0991,0.4675,4.0522,ABOVE_MA
2023-01-31,4.1023,2.1424,1.106,0.4719,4.049,ABOVE_MA
2023-02-01,4.0968,2.1424,1.1039,0.4743,4.0466,ABOVE_MA
2023-02-02,4.1508,2.1424,1.1047,0.4767,4.0453,ABOVE_MA
2023-02-03,4.1693,2.1424,1.1263,0.4786,4.0441,ABOVE_MA
2023-02-06,4.1746,2.1424,1.1162,0.4746,4.0446,ABOVE_MA
2023-02-07,4.2635,2.1424,1.1298,0.4719,4.046,ABOVE_MA
2023-02-08,4.1967,2.1424,1.1421,0.4702,4.0441,ABOVE_MA
2023-02-09,4.2001,2.1424,1.145,0.4674,4.0449,ABOVE_MA
2023-02-10,4.2578,2.1424,1.1263,0.4673,4.0481,ABOVE_MA
2023-02-13,4.2717,2.1424,1.1323,0.4674,4.0518,ABOVE_MA
2023-02-14,4.2799,2.1424,1.1309,0.4674,4.0579,ABOVE_MA
2023-02-15,4.3339,2.1424,1.125,0.4706,4.0671,ABOVE_MA
2023-02-16,4.3357,2.1424,1.1224,0.4726,4.0754,ABOVE_MA
2023-02-17,4.2916,2.1424,1.1108,0.4751,4.0814,ABOVE_MA
2023-02-20,4.2916,2.1424,1.1108,0.4751,4.0865,ABOVE_MA
2023-02-21,4.2888,2.1424,1.1084,0.4705,4.0918,ABOVE_MA
2023-02-22,4.2439,2.1424,1.1114,0.4724,4.0969,ABOVE_MA
2023-02-23,4.2253,2.1424,1.1182,0.4733,4.104,ABOVE_MA
2023-02-24,4.2351,2.1424,1.1189,0.4739,4.1113,ABOVE_MA
2023-02-27,4.2376,2.1424,1.126,0.474,4.118,ABOVE_MA
2023-02-28,4.2029,2.1348,1.1484,0.4758,4.1224,ABOVE_MA
2023-03-01,4.2326,2.1348,1.1636,0.4782,4.1265,ABOVE_MA
2023-03-02,4.3034,2.1348,1.1367,0.4757,4.1331,ABOVE_MA
2023-03-03,4.2691,2.1348,1.1354,0.4747,4.1374,ABOVE_MA
2023-03-06,4.3056,2.1348,1.1308,0.4674,4.1425,ABOVE_MA
2023-03-07,4.2135,2.1348,1.1199,0.4692,4.1443,ABOVE_MA
2023-03-08,4.2163,2.1348,1.1074,0.4686,4.1468,ABOVE_MA
2023-03-09,4.1284,2.1348,1.071,0.4641,4.147,BELOW_MA
2023-03-10,3.9334,2.1348,1.0684,0.4574,4.1426,BELOW_MA
2023-03-13,3.9187,2.1348,1.0107,0.4506,4.1379,BELOW_MA
2023-03-14,4.0499,2.1348,1.0175,0.4514,4.1377,BELOW_MA
2023-03-15,3.9485,2.1348,0.9771,0.4468,4.1359,BELOW_MA
2023-03-16,4.0495,2.1348,0.9893,0.4451,4.1374,BELOW_MA
2023-03-17,3.9429,2.1348,0.9669,0.4382,4.1365,BELOW_MA
2023-03-20,4.0162,2.1348,0.9701,0.4397,4.1375,BELOW_MA
2023-03-21,4.1041,2.1348,1.0153,0.442,4.1383,BELOW_MA
2023-03-22,3.9811,2.1348,1.0115,0.4369,4.137,BELOW_MA
2023-03-23,3.9918,2.1348,1.015,0.4338,4.1371,BELOW_MA
2023-03-24,4.0012,2.1348,0.9838,0.4348,4.1364,BELOW_MA
2023-03-27,4.105,2.1348,0.996,0.4389,4.1377,BELOW_MA
2023-03-28,4.0884,2.1348,0.9931,0.4392,4.1384,BELOW_MA
2023-03-29,4.1563,2.1348,0.9932,0.4378,4.1435,ABOVE_MA
2023-03-30,4.1613,2.1348,0.9864,0.4347,4.1489,ABOVE_MA
2023-03-31,4.1578,2.062,0.9904,0.4365,4.1514,ABOVE_MA
2023-04-03,4.154,2.062,0.999,0.4351,4.1525,ABOVE_MA
2023-04-04,4.1107,2.062,0.9845,0.4298,4.154,BELOW_MA
2023-04-05,4.0573,2.062,0.9585,0.4267,4.1545,BELOW_MA
2023-04-06,4.0626,2.062,0.9554,0.4257,4.1539,BELOW_MA
2023-04-07,4.0626,2.062,0.9554,0.4257,4.1529,BELOW_MA
2023-04-10,4.1335,2.062,0.9594,0.4298,4.1541,BELOW_MA
2023-04-11,4.126,2.062,0.9669,0.4331,4.1546,BELOW_MA
2023-04-12,4.1135,2.062,0.9656,0.4317,4.1549,BELOW_MA
2023-04-13,4.201,2.062,0.9744,0.4317,4.1559,ABOVE_MA
2023-04-14,4.2295,2.062,0.9953,0.4287,4.1571,ABOVE_MA
2023-04-17,4.2958,2.062,1.0009,0.4327,4.1596,ABOVE_MA
2023-04-18,4.2835,2.062,1.0095,0.4305,4.16,ABOVE_MA
2023-04-19,4.2868,2.062,1.0041,0.4311,4.1618,ABOVE_MA
2023-04-20,4.2272,2.062,1.0013,0.4313,4.1623,ABOVE_MA
2023-04-21,4.2545,2.062,0.9947,0.4315,4.1622,ABOVE_MA
2023-04-24,4.2182,2.062,0.9876,0.4308,4.1612,ABOVE_MA
2023-04-25,4.091,2.062,0.9713,0.4269,4.1574,BELOW_MA
2023-04-26,4.1176,2.062,0.9853,0.4246,4.1531,BELOW_MA
2023-04-27,4.2416,2.062,0.9893,0.4219,4.1512,ABOVE_MA
2023-04-28,4.2101,1.9999,1.0025,0.422,4.1495,ABOVE_MA
2023-05-01,4.3307,1.9999,0.9981,0.4226,4.1503,ABOVE_MA
2023-05-02,4.1778,1.9999,0.9876,0.4186,4.1481,ABOVE_MA
2023-05-03,4.1261,1.9999,0.9789,0.4231,4.1457,BELOW_MA
2023-05-04,4.1376,1.878,0.959,0.4213,4.144,BELOW_MA
2023-05-05,4.2285,1.878,0.9763,0.4235,4.1439,ABOVE_MA
2023-05-08,4.2899,1.878,0.981,0.4224,4.1449,ABOVE_MA
2023-05-09,4.2862,1.878,0.9785,0.423,4.1466,ABOVE_MA
2023-05-10,4.2647,1.878,0.9642,0.4232,4.1472,ABOVE_MA
2023-05-11,4.2127,1.878,0.9727,0.4207,4.1454,ABOVE_MA
2023-05-12,4.2427,1.878,0.9634,0.4204,4.1449,ABOVE_MA
2023-05-15,4.3019,1.878,0.9837,0.424,4.1448,ABOVE_MA
2023-05-16,4.2861,1.878,0.9967,0.4207,4.1463,ABOVE_MA
2023-05-17,4.3509,1.878,1.0203,0.4249,4.1489,ABOVE_MA
2023-05-18,4.4254,1.878,1.0309,0.4234,4.1549,ABOVE_MA
2023-05-19,4.4506,1.878,1.0283,0.4214,4.1652,ABOVE_MA
2023-05-22,4.4682,1.878,1.03,0.4264,4.1762,ABOVE_MA
2023-05-23,4.4054,1.878,1.0211,0.4292,4.1833,ABOVE_MA
2023-05-24,4.3952,1.878,1.0146,0.4277,4.1923,ABOVE_MA
2023-05-25,4.4442,1.878,1.028,0.4208,4.2002,ABOVE_MA
2023-05-26,4.466,1.878,1.0364,0.4201,4.2106,ABOVE_MA
2023-05-29,4.466,1.878,1.0364,0.4201,4.2196,ABOVE_MA
2023-05-30,4.4234,1.878,1.0403,0.4184,4.226,ABOVE_MA
2023-05-31,4.3608,1.8648,1.0198,0.4166,4.2336,ABOVE_MA
2023-06-01,4.3852,1.8648,1.0385,0.4171,4.2415,ABOVE_MA
2023-06-02,4.4979,1.8648,1.0502,0.4261,4.2514,ABOVE_MA
2023-06-05,4.4977,1.8648,1.0399,0.4212,4.2593,ABOVE_MA
2023-06-06,4.4811,1.8648,1.0536,0.4313,4.2671,ABOVE_MA
2023-06-07,4.5324,1.8648,1.0399,0.4409,4.2746,ABOVE_MA
2023-06-08,4.5072,1.8648,1.0349,0.4367,4.2815,ABOVE_MA
2023-06-09,4.5218,1.8648,1.0413,0.4323,4.2888,ABOVE_MA
2023-06-12,4.5494,1.8648,1.0427,0.4302,4.2967,ABOVE_MA
2023-06-13,4.6251,1.8648,1.0493,0.4323,4.307,ABOVE_MA
2023-06-14,4.5938,1.8648,1.0454,0.4272,4.3178,ABOVE_MA
2023-06-15,4.6066,1.8648,1.0478,0.4254,4.3286,ABOVE_MA
2023-06-16,4.6089,1.8648,1.0404,0.4234,4.3396,ABOVE_MA
2023-06-19,4.6089,1.8648,1.0404,0.4234,4.3491,ABOVE_MA
2023-06-20,4.5534,1.8648,1.0448,0.4238,4.3576,ABOVE_MA
2023-06-21,4.5189,1.8648,1.0354,0.425,4.3657,ABOVE_MA
2023-06-22,4.5908,1.8648,1.035,0.4203,4.3735,ABOVE_MA
2023-06-23,4.511,1.8648,1.0458,0.4171,4.3791,ABOVE_MA
2023-06-26,4.4878,1.8648,1.0335,0.4193,4.383,ABOVE_MA
2023-06-27,4.5487,1.8648,1.0418,0.4207,4.3883,ABOVE_MA
2023-06-28,4.532,1.8648,1.0544,0.4226,4.3932,ABOVE_MA
2023-06-29,4.6333,1.8648,1.0727,0.4257,4.4013,ABOVE_MA
2023-06-30,4.6333,1.9541,1.0703,0.4228,4.4089,ABOVE_MA
2023-07-03,4.6654,1.9541,1.0681,0.4232,4.4178,ABOVE_MA
2023-07-04,4.6654,1.9541,1.0681,0.4232,4.4293,ABOVE_MA
2023-07-05,4.7028,1.9541,1.0541,0.4196,4.441,ABOVE_MA
2023-07-06,4.7329,1.9541,1.0577,0.416,4.4509,ABOVE_MA
2023-07-07,4.7494,1.9541,1.067,0.4215,4.4616,ABOVE_MA
2023-07-10,4.7556,1.9541,1.0766,0.4276,4.4701,ABOVE_MA
2023-07-11,4.7614,1.9541,1.076,0.4293,4.4818,ABOVE_MA
2023-07-12,4.7465,1.9541,1.0672,0.4305,4.4942,ABOVE_MA
2023-07-13,4.7348,1.9541,1.0676,0.4306,4.5062,ABOVE_MA
2023-07-14,4.7598,1.9541,1.0646,0.4266,4.5168,ABOVE_MA
2023-07-17,4.7737,1.9541,1.0869,0.4297,4.5265,ABOVE_MA
2023-07-18,4.7877,1.9541,1.108,0.4318,4.5365,ABOVE_MA
2023-07-19,4.7446,1.9541,1.1014,0.4327,4.5461,ABOVE_MA
2023-07-20,4.7711,1.9541,1.0897,0.4317,4.5573,ABOVE_MA
2023-07-21,4.7695,1.9541,1.07,0.4304,4.5678,ABOVE_MA
2023-07-24,4.8087,1.9541,1.0832,0.4295,4.5779,ABOVE_MA
2023-07-25,4.8308,1.9541,1.0742,0.4283,4.5888,ABOVE_MA
2023-07-26,4.8268,1.9541,1.0808,0.4316,4.5983,ABOVE_MA
2023-07-27,4.89,1.9541,1.0861,0.4289,4.6076,ABOVE_MA
2023-07-28,4.9122,1.9541,1.0909,0.4302,4.6169,ABOVE_MA
2023-07-31,4.9101,1.9645,1.0947,0.4344,4.6257,ABOVE_MA
2023-08-01,4.9776,1.9645,1.1082,0.4336,4.6372,ABOVE_MA
2023-08-02,4.9614,1.9645,1.0988,0.4338,4.6485,ABOVE_MA
2023-08-03,5.0642,1.9645,1.1251,0.4338,4.6609,ABOVE_MA
2023-08-04,4.9535,1.9645,1.1333,0.4349,4.6706,ABOVE_MA
2023-08-07,5.0459,1.9645,1.1496,0.4314,4.6822,ABOVE_MA
2023-08-08,4.9665,1.9645,1.1337,0.4306,4.6931,ABOVE_MA
2023-08-09,4.9081,1.9645,1.1227,0.4301,4.704,ABOVE_MA
2023-08-10,4.9921,1.9645,1.1275,0.428,4.7162,ABOVE_MA
2023-08-11,5.0002,1.9645,1.1234,0.4289,4.7262,ABOVE_MA
2023-08-14,5.0395,1.9645,1.1301,0.4258,4.7371,ABOVE_MA
2023-08-15,5.0111,1.9645,1.1278,0.4251,4.7477,ABOVE_MA
2023-08-16,5.0135,1.9645,1.1211,0.423,4.7573,ABOVE_MA
2023-08-17,4.9965,1.9645,1.1183,0.4213,4.7671,ABOVE_MA
2023-08-18,4.9813,1.9645,1.1119,0.4233,4.7762,ABOVE_MA
2023-08-21,5.0813,1.9645,1.1178,0.42,4.7869,ABOVE_MA
2023-08-22,5.0292,1.9645,1.1041,0.4199,4.795,ABOVE_MA
2023-08-23,4.9622,1.9645,1.1105,0.4197,4.8023,ABOVE_MA
2023-08-24,4.926,1.9645,1.1129,0.4197,4.8087,ABOVE_MA
2023-08-25,4.9445,1.9645,1.11,0.4185,4.8154,ABOVE_MA
2023-08-28,4.9707,1.9645,1.1161,0.4196,4.8227,ABOVE_MA
2023-08-29,4.9905,1.9645,1.1221,0.4194,4.8314,ABOVE_MA
2023-08-30,5.0162,1.9645,1.1281,0.4192,4.8414,ABOVE_MA
2023-08-31,4.9871,1.9456,1.1345,0.4191,4.8493,ABOVE_MA
2023-09-01,5.0754,1.9456,1.1507,0.4233,4.8606,ABOVE_MA
2023-09-04,5.0754,1.9456,1.1507,0.4233,4.8723,ABOVE_MA
2023-09-05,5.1255,1.9456,1.1565,0.4162,4.8839,ABOVE_MA
2023-09-06,5.0784,1.9456,1.1534,0.4175,4.8948,ABOVE_MA
2023-09-07,5.0486,1.9456,1.1355,0.4147,4.9031,ABOVE_MA
2023-09-08,5.0367,1.9456,1.1279,0.4131,4.9112,ABOVE_MA
2023-09-11,5.1068,1.9456,1.1287,0.4114,4.92,ABOVE_MA
2023-09-12,5.0497,1.9456,1.1346,0.4133,4.9277,ABOVE_MA
2023-09-13,5.0567,1.9456,1.1213,0.4101,4.9348,ABOVE_MA
2023-09-14,5.1376,1.9456,1.1152,0.4123,4.9429,ABOVE_MA
2023-09-15,5.1064,1.9456,1.1141,0.413,4.95,ABOVE_MA
2023-09-18,5.0805,1.9456,1.1181,0.41,4.9565,ABOVE_MA
2023-09-19,5.1079,1.9456,1.1232,0.4093,4.9634,ABOVE_MA
2023-09-20,5.0453,1.9456,1.1143,0.4089,4.9694,ABOVE_MA
2023-09-21,5.0927,1.9456,1.1071,0.4093,4.9766,ABOVE_MA
2023-09-22,5.0402,1.9456,1.1009,0.4093,4.9822,ABOVE_MA
2023-09-25,5.1896,1.9456,1.1051,0.4095,4.9905,ABOVE_MA
2023-09-26,5.1312,1.9456,1.124,0.4102,4.9974,ABOVE_MA
2023-09-27,5.1594,1.9456,1.1443,0.4139,5.0056,ABOVE_MA
2023-09-28,5.1738,1.9456,1.1781,0.4152,5.0137,ABOVE_MA
2023-09-29,5.1606,1.9829,1.165,0.4142,5.0215,ABOVE_MA
2023-10-02,5.2466,1.9829,1.2116,0.4081,5.0303,ABOVE_MA
2023-10-03,5.29,1.9829,1.179,0.4067,5.0395,ABOVE_MA
2023-10-04,5.2545,1.9829,1.1891,0.404,5.048,ABOVE_MA
2023-10-05,5.2788,1.9829,1.2011,0.4044,5.0558,ABOVE_MA
2023-10-06,5.4071,1.9829,1.1946,0.4035,5.0657,ABOVE_MA
2023-10-09,5.3165,1.9829,1.1834,0.4033,5.0738,ABOVE_MA
2023-10-10,5.3515,1.9829,1.1762,0.4057,5.0813,ABOVE_MA
2023-10-11,5.264,1.9829,1.159,0.4034,5.0874,ABOVE_MA
2023-10-12,5.3775,1.9829,1.1699,0.3967,5.0936,ABOVE_MA
2023-10-13,5.2568,1.9829,1.1593,0.3954,5.0997,ABOVE_MA
2023-10-16,5.3987,1.9829,1.1599,0.3976,5.1067,ABOVE_MA
2023-10-17,5.459,1.9829,1.1682,0.402,5.1166,ABOVE_MA
2023-10-18,5.4339,1.9829,1.158,0.3991,5.1271,ABOVE_MA
2023-10-19,5.499,1.9829,1.1545,0.3962,5.1372,ABOVE_MA
2023-10-20,5.4007,1.9829,1.1484,0.3959,5.1453,ABOVE_MA
2023-10-23,5.3273,1.9829,1.1512,0.3933,5.151,ABOVE_MA
2023-10-24,5.2977,1.9829,1.1299,0.3937,5.1567,ABOVE_MA
2023-10-25,5.3406,1.9829,1.1199,0.3928,5.1633,ABOVE_MA
2023-10-26,5.1966,1.9829,1.1077,0.3986,5.1673,ABOVE_MA
2023-10-27,5.1952,1.8368,1.1087,0.3957,5.1716,ABOVE_MA
2023-10-30,5.2815,1.8368,1.1198,0.3932,5.1756,ABOVE_MA
2023-10-31,5.3404,1.845,1.1224,0.3942,5.1818,ABOVE_MA
2023-11-01,5.2829,1.845,1.1167,0.3922,5.1882,ABOVE_MA
2023-11-02,5.2643,1.845,1.1219,0.3951,5.195,ABOVE_MA
2023-11-03,5.2765,1.845,1.1306,0.4022,5.2016,ABOVE_MA
2023-11-06,5.34,1.845,1.1299,0.3963,5.209,ABOVE_MA
2023-11-07,5.2774,1.845,1.1364,0.3937,5.2147,ABOVE_MA
2023-11-08,5.1928,1.845,1.1462,0.3892,5.2183,BELOW_MA
2023-11-09,5.274,1.845,1.1567,0.3862,5.224,ABOVE_MA
2023-11-10,5.3264,1.845,1.1641,0.3846,5.229,ABOVE_MA
2023-11-13,5.3333,1.845,1.1761,0.3851,5.2342,ABOVE_MA
2023-11-14,5.3162,1.845,1.1524,0.3985,5.238,ABOVE_MA
2023-11-15,5.4031,1.845,1.1623,0.3983,5.2445,ABOVE_MA
2023-11-16,5.3436,1.845,1.1607,0.3914,5.2504,ABOVE_MA
2023-11-17,5.325,1.845,1.1637,0.3963,5.2562,ABOVE_MA
2023-11-20,5.3335,1.845,1.1714,0.3955,5.2607,ABOVE_MA
2023-11-21,5.3245,1.845,1.1683,0.3913,5.2662,ABOVE_MA
2023-11-22,5.3264,1.845,1.1675,0.3922,5.2716,ABOVE_MA
2023-11-23,5.3264,1.845,1.1675,0.3922,5.2754,ABOVE_MA
2023-11-24,5.3926,1.845,1.1685,0.3946,5.2811,ABOVE_MA
2023-11-27,5.2945,1.845,1.1624,0.394,5.2854,ABOVE_MA
2023-11-28,5.2896,1.845,1.1585,0.3921,5.289,ABOVE_MA
2023-11-29,5.2203,1.845,1.1759,0.3945,5.2925,BELOW_MA
2023-11-30,5.3023,1.8862,1.1844,0.3944,5.2967,ABOVE_MA
2023-12-01,5.2349,1.8862,1.1788,0.4035,5.3006,BELOW_MA
2023-12-04,5.2282,1.8862,1.1818,0.41,5.3014,BELOW_MA
2023-12-05,5.1169,1.8862,1.1845,0.4046,5.3011,BELOW_MA
2023-12-06,5.0296,1.8862,1.1629,0.4055,5.2985,BELOW_MA
2023-12-07,5.0969,1.8862,1.1713,0.4053,5.2969,BELOW_MA
2023-12-08,5.1613,1.8862,1.1794,0.4067,5.2969,BELOW_MA
2023-12-11,5.1922,1.8862,1.1789,0.406,5.2959,BELOW_MA
2023-12-12,5.2009,1.8862,1.1921,0.4037,5.2941,BELOW_MA
2023-12-13,5.1515,1.8862,1.1673,0.4117,5.292,BELOW_MA
2023-12-14,5.0369,1.8862,1.1945,0.4218,5.2872,BELOW_MA
2023-12-15,5.0231,1.8862,1.2086,0.4189,5.2795,BELOW_MA
2023-12-18,5.0921,1.8862,1.2155,0.4168,5.275,BELOW_MA
2023-12-19,5.0954,1.8862,1.2176,0.4223,5.2699,BELOW_MA
2023-12-20,4.9908,1.8862,1.2208,0.4198,5.2644,BELOW_MA
2023-12-21,5.0703,1.8862,1.2306,0.4229,5.2583,BELOW_MA
2023-12-22,5.104,1.8862,1.2292,0.426,5.2552,BELOW_MA
2023-12-25,5.104,1.8862,1.2292,0.426,5.2493,BELOW_MA
2023-12-26,5.111,1.8862,1.2264,0.4297,5.2424,BELOW_MA
2023-12-27,5.0309,1.8862,1.2313,0.4305,5.2343,BELOW_MA
2023-12-28,5.0696,1.8862,1.2259,0.4287,5.2257,BELOW_MA
2023-12-29,5.1011,1.8953,1.2235,0.4229,5.2197,BELOW_MA
2024-01-01,5.1011,1.8953,1.2235,0.4229,5.2152,BELOW_MA
2024-01-02,5.1018,1.8953,1.2114,0.4228,5.2113,BELOW_MA
2024-01-03,5.0394,1.8953,1.1968,0.4149,5.2053,BELOW_MA
2024-01-04,5.1002,1.8953,1.205,0.4154,5.2033,BELOW_MA
2024-01-05,5.1567,1.8953,1.2059,0.4136,5.2026,BELOW_MA
2024-01-08,5.1795,1.8953,1.2048,0.4152,5.2005,BELOW_MA
2024-01-09,5.2048,1.8953,1.2067,0.4121,5.1978,ABOVE_MA
2024-01-10,5.2585,1.8953,1.2088,0.41,5.1973,ABOVE_MA
2024-01-11,5.2267,1.8953,1.2333,0.4069,5.1966,ABOVE_MA
2024-01-12,5.2409,1.8953,1.2239,0.406,5.1959,ABOVE_MA
2024-01-15,5.2409,1.8953,1.2239,0.406,5.1939,ABOVE_MA
2024-01-16,5.315,1.8953,1.2287,0.4024,5.1946,ABOVE_MA
2024-01-17,5.2941,1.8953,1.2445,0.4018,5.1967,ABOVE_MA
2024-01-18,5.3912,1.8953,1.26,0.4006,5.199,ABOVE_MA
2024-01-19,5.4408,1.8953,1.2819,0.3995,5.2013,ABOVE_MA
2024-01-22,5.4204,1.8953,1.295,0.4072,5.203,ABOVE_MA
2024-01-23,5.4796,1.8953,1.294,0.4048,5.2063,ABOVE_MA
2024-01-24,5.5175,1.8953,1.3172,0.401,5.2086,ABOVE_MA
2024-01-25,5.5116,1.8953,1.3005,0.4022,5.2119,ABOVE_MA
2024-01-26,5.5154,1.8953,1.3013,0.4027,5.2158,ABOVE_MA
2024-01-29,5.496,1.8953,1.2967,0.4065,5.219,ABOVE_MA
2024-01-30,5.4419,1.8953,1.3133,0.4034,5.2214,ABOVE_MA
2024-01-31,5.3013,1.8877,1.3002,0.4001,5.2209,ABOVE_MA
2024-02-01,5.2676,1.8877,1.278,0.4001,5.2197,ABOVE_MA
2024-02-02,5.4431,1.8877,1.3065,0.3939,5.2207,ABOVE_MA
2024-02-05,5.5351,1.8877,1.3264,0.3903,5.2255,ABOVE_MA
2024-02-06,5.4973,1.8877,1.3242,0.3927,5.2297,ABOVE_MA
2024-02-07,5.5698,1.8877,1.3335,0.3885,5.2366,ABOVE_MA
2024-02-08,5.6051,1.8877,1.3376,0.3942,5.2427,ABOVE_MA
2024-02-09,5.6492,1.8877,1.3363,0.3983,5.251,ABOVE_MA
2024-02-12,5.6395,1.8877,1.3268,0.4058,5.2592,ABOVE_MA
2024-02-13,5.6592,1.8877,1.3313,0.3945,5.2701,ABOVE_MA
2024-02-14,5.6819,1.8877,1.3365,0.4,5.2831,ABOVE_MA
2024-02-15,5.6912,1.8877,1.3373,0.4079,5.295,ABOVE_MA
2024-02-16,5.696,1.8877,1.3338,0.4043,5.3057,ABOVE_MA
2024-02-19,5.696,1.8877,1.3338,0.4043,5.3158,ABOVE_MA
2024-02-20,5.66,1.8877,1.3309,0.401,5.3249,ABOVE_MA
2024-02-21,5.7057,1.8877,1.3177,0.3987,5.336,ABOVE_MA
2024-02-22,5.7952,1.8877,1.3432,0.3936,5.3512,ABOVE_MA
2024-02-23,5.7229,1.8877,1.3405,0.3942,5.3652,ABOVE_MA
2024-02-26,5.719,1.8877,1.3606,0.3982,5.3777,ABOVE_MA
2024-02-27,5.7698,1.8877,1.3388,0.4031,5.3912,ABOVE_MA
2024-02-28,5.7261,1.8877,1.3398,0.4002,5.4059,ABOVE_MA
2024-02-29,5.7063,1.8942,1.3387,0.4016,5.4186,ABOVE_MA
2024-03-01,5.7244,1.8942,1.3453,0.4021,5.431,ABOVE_MA
2024-03-04,5.7412,1.8942,1.3263,0.4021,5.4438,ABOVE_MA
2024-03-05,5.6039,1.8942,1.3307,0.4023,5.4536,ABOVE_MA
2024-03-06,5.5994,1.8942,1.3245,0.4033,5.465,ABOVE_MA
2024-03-07,5.6607,1.8942,1.3141,0.4026,5.4768,ABOVE_MA
2024-03-08,5.6362,1.8074,1.3129,0.4048,5.4875,ABOVE_MA
2024-03-11,5.6347,1.8074,1.3087,0.4019,5.4982,ABOVE_MA
2024-03-12,5.7432,1.8074,1.3275,0.3971,5.511,ABOVE_MA
2024-03-13,5.7624,1.8074,1.3279,0.3993,5.5255,ABOVE_MA
2024-03-14,5.8407,1.8074,1.3279,0.3929,5.5403,ABOVE_MA
2024-03-15,5.8026,1.8074,1.3247,0.3964,5.5532,ABOVE_MA
2024-03-18,5.8547,1.8074,1.3262,0.3918,5.5667,ABOVE_MA
2024-03-19,5.8701,1.8074,1.3211,0.3913,5.58,ABOVE_MA
2024-03-20,5.9265,1.8074,1.3352,0.3954,5.5934,ABOVE_MA
2024-03-21,5.9337,1.8074,1.3483,0.3986,5.6075,ABOVE_MA
2024-03-22,5.8659,1.8074,1.3306,0.3938,5.62,ABOVE_MA
2024-03-25,5.8795,1.8074,1.3196,0.3958,5.6328,ABOVE_MA
2024-03-26,5.8524,1.8074,1.3392,0.3958,5.6436,ABOVE_MA
2024-03-27,5.8436,1.8074,1.3184,0.4011,5.6546,ABOVE_MA
2024-03-28,5.8472,1.7958,1.3161,0.4024,5.6637,ABOVE_MA
2024-03-29,5.8472,1.7958,1.3161,0.4024,5.6718,ABOVE_MA
2024-04-01,5.9478,1.7958,1.3171,0.3994,5.6823,ABOVE_MA
2024-04-02,5.9431,1.7958,1.3079,0.3945,5.6916,ABOVE_MA
2024-04-03,5.951,1.7958,1.3126,0.3967,5.7003,ABOVE_MA
2024-04-04,5.836,1.7958,1.3007,0.3976,5.7068,ABOVE_MA
2024-04-05,5.9803,1.7958,1.3092,0.3947,5.7161,ABOVE_MA
2024-04-08,5.9844,1.7958,1.3058,0.3967,5.7258,ABOVE_MA
2024-04-09,5.9361,1.7958,1.2914,0.3978,5.7357,ABOVE_MA
2024-04-10,6.0079,1.7958,1.2943,0.3912,5.7499,ABOVE_MA
2024-04-11,6.0807,1.7958,1.2877,0.3909,5.7661,ABOVE_MA
2024-04-12,5.9646,1.7958,1.2803,0.3893,5.7765,ABOVE_MA
2024-04-15,5.9827,1.7958,1.2856,0.3885,5.7855,ABOVE_MA
2024-04-16,6.0118,1.7958,1.2941,0.3878,5.7958,ABOVE_MA
2024-04-17,5.9106,1.7958,1.2707,0.3859,5.8026,ABOVE_MA
2024-04-18,5.9285,1.7958,1.2682,0.3864,5.8091,ABOVE_MA
2024-04-19,5.8555,1.7958,1.2664,0.3904,5.8132,ABOVE_MA
2024-04-22,5.9194,1.7958,1.27,0.3912,5.8188,ABOVE_MA
2024-04-23,5.9874,1.7958,1.2723,0.3931,5.8254,ABOVE_MA
2024-04-24,6.0277,1.7958,1.2644,0.3915,5.8323,ABOVE_MA
2024-04-25,6.0467,1.7958,1.2532,0.3906,5.8394,ABOVE_MA
2024-04-26,6.0727,1.7958,1.2656,0.3907,5.8469,ABOVE_MA
2024-04-29,6.0433,1.7958,1.2466,0.3924,5.8539,ABOVE_MA
2024-04-30,5.9984,1.7799,1.241,0.3906,5.8606,ABOVE_MA
2024-05-01,5.9355,1.7799,1.2267,0.3927,5.8652,ABOVE_MA
2024-05-02,5.9657,1.7799,1.2233,0.3962,5.8686,ABOVE_MA
2024-05-03,5.9791,1.7799,1.216,0.3953,5.8738,ABOVE_MA
2024-05-06,6.017,1.7799,1.2257,0.3963,5.8797,ABOVE_MA
2024-05-07,5.9873,1.7799,1.2162,0.3967,5.8841,ABOVE_MA
2024-05-08,6.0243,1.7799,1.2076,0.3944,5.89,ABOVE_MA
2024-05-09,6.0296,1.7799,1.1983,0.3961,5.8965,ABOVE_MA
2024-05-10,6.0718,1.7799,1.2041,0.3927,5.9035,ABOVE_MA
2024-05-13,6.0568,1.7799,1.1994,0.3934,5.9098,ABOVE_MA
2024-05-14,6.0508,1.7799,1.2021,0.3957,5.9187,ABOVE_MA
2024-05-15,6.043,1.7799,1.193,0.3957,5.9276,ABOVE_MA
2024-05-16,6.0369,1.7799,1.1971,0.3937,5.9351,ABOVE_MA
2024-05-17,6.086,1.7799,1.2052,0.3934,5.9441,ABOVE_MA
2024-05-20,6.1117,2.0902,1.1906,0.3938,5.9536,ABOVE_MA
2024-05-21,6.095,2.0902,1.1875,0.3925,5.9607,ABOVE_MA
2024-05-22,6.0696,2.0902,1.195,0.3903,5.9668,ABOVE_MA
2024-05-23,6.0644,2.0902,1.1986,0.3867,5.9713,ABOVE_MA
2024-05-24,6.0866,2.0902,1.194,0.3884,5.977,ABOVE_MA
2024-05-27,6.0866,2.0902,1.194,0.3884,5.9816,ABOVE_MA
2024-05-28,6.1793,2.0902,1.1821,0.3876,5.9878,ABOVE_MA
2024-05-29,6.2116,2.0902,1.1878,0.3846,5.9935,ABOVE_MA
2024-05-30,6.1115,2.0902,1.1782,0.3908,5.997,ABOVE_MA
2024-05-31,6.1254,1.9725,1.1748,0.3906,6.0022,ABOVE_MA
2024-06-03,6.033,1.9725,1.181,0.388,6.0053,ABOVE_MA
2024-06-04,5.97,1.9725,1.176,0.3826,6.0077,BELOW_MA
2024-06-05,5.9967,1.9725,1.1862,0.3839,6.0107,BELOW_MA
2024-06-06,6.0055,1.9725,1.198,0.3812,6.0139,BELOW_MA
2024-06-07,6.1105,1.9725,1.217,0.3771,6.0192,ABOVE_MA
2024-06-10,6.1704,1.9725,1.1967,0.3773,6.0236,ABOVE_MA
2024-06-11,6.1218,1.9725,1.1904,0.3751,6.0272,ABOVE_MA
2024-06-12,6.1265,1.9725,1.1971,0.3777,6.0307,ABOVE_MA
2024-06-13,6.0493,1.9725,1.1933,0.3737,6.035,ABOVE_MA
2024-06-14,6.0031,1.9725,1.1927,0.3675,6.0354,BELOW_MA
2024-06-17,6.1109,1.9725,1.2164,0.3677,6.0379,ABOVE_MA
2024-06-18,6.071,1.9725,1.2236,0.3674,6.0406,ABOVE_MA
2024-06-19,6.071,1.9725,1.2236,0.3674,6.0419,ABOVE_MA
2024-06-20,6.0952,1.9725,1.2195,0.3668,6.0422,ABOVE_MA
2024-06-21,6.087,1.9725,1.2221,0.3681,6.0446,ABOVE_MA
2024-06-24,6.0425,1.9725,1.2186,0.3709,6.0458,BELOW_MA
2024-06-25,6.0555,1.9725,1.221,0.3683,6.0467,ABOVE_MA
2024-06-26,6.1515,1.9725,1.2186,0.3669,6.0515,ABOVE_MA
2024-06-27,6.1364,1.9725,1.2148,0.37,6.0557,ABOVE_MA
2024-06-28,6.2284,1.8745,1.2329,0.373,6.0631,ABOVE_MA
2024-07-01,6.3508,1.8745,1.2441,0.3691,6.0718,ABOVE_MA
2024-07-02,6.3438,1.8745,1.2524,0.3679,6.0789,ABOVE_MA
2024-07-03,6.29,1.8745,1.2408,0.3662,6.0841,ABOVE_MA
2024-07-04,6.29,1.8745,1.2408,0.3662,6.089,ABOVE_MA
2024-07-05,6.2738,1.8745,1.2382,0.3624,6.093,ABOVE_MA
2024-07-08,6.268,1.8745,1.2337,0.3645,6.0975,ABOVE_MA
2024-07-09,6.3017,1.8745,1.2394,0.3626,6.1036,ABOVE_MA
2024-07-10,6.3442,1.8745,1.2326,0.3625,6.1118,ABOVE_MA
2024-07-11,6.2286,1.8745,1.2199,0.3788,6.117,ABOVE_MA
2024-07-12,6.2416,1.8745,1.2154,0.3808,6.1223,ABOVE_MA
2024-07-15,6.3313,1.8745,1.2637,0.387,6.1286,ABOVE_MA
2024-07-16,6.2802,1.8745,1.2686,0.3978,6.1344,ABOVE_MA
2024-07-17,6.1907,1.8745,1.2773,0.3993,6.1377,ABOVE_MA
2024-07-18,6.1908,1.8745,1.2626,0.3946,6.141,ABOVE_MA
2024-07-19,6.1863,1.8745,1.2487,0.3952,6.1433,ABOVE_MA
2024-07-22,6.2681,1.8745,1.2451,0.3974,6.1475,ABOVE_MA
2024-07-23,6.267,1.8745,1.2549,0.4022,6.1518,ABOVE_MA
2024-07-24,6.192,1.8745,1.2245,0.4027,6.1548,ABOVE_MA
2024-07-25,6.1099,1.8745,1.2391,0.4099,6.1563,BELOW_MA
2024-07-26,6.1302,1.8745,1.2465,0.4121,6.1571,BELOW_MA
2024-07-29,6.1009,1.8745,1.2393,0.4072,6.1569,BELOW_MA
2024-07-30,6.0466,1.8745,1.247,0.4109,6.156,BELOW_MA
2024-07-31,6.0826,1.6878,1.2278,0.4066,6.1562,BELOW_MA
2024-08-01,5.9457,1.6878,1.1891,0.3991,6.1538,BELOW_MA
2024-08-02,5.6583,1.6878,1.1581,0.3922,6.1453,BELOW_MA
2024-08-05,5.4646,1.6878,1.1549,0.391,6.1328,BELOW_MA
2024-08-06,5.6413,1.6878,1.1636,0.3917,6.1221,BELOW_MA
2024-08-07,5.6433,1.6878,1.1587,0.3896,6.1107,BELOW_MA
2024-08-08,5.8097,1.6878,1.1759,0.3901,6.1047,BELOW_MA
2024-08-09,5.778,1.6878,1.177,0.3876,6.0977,BELOW_MA
2024-08-12,5.7601,1.6878,1.1688,0.3839,6.0923,BELOW_MA
2024-08-13,5.8145,1.6878,1.1717,0.3839,6.0892,BELOW_MA
2024-08-14,5.7968,1.6878,1.1871,0.3803,6.0852,BELOW_MA
2024-08-15,5.9439,1.6878,1.1981,0.3836,6.0839,BELOW_MA
2024-08-16,5.9364,1.6878,1.2014,0.3837,6.0804,BELOW_MA
2024-08-19,5.9658,1.6878,1.2004,0.3848,6.0764,BELOW_MA
2024-08-20,5.9087,1.6878,1.1988,0.3809,6.0721,BELOW_MA
2024-08-21,5.9258,1.6878,1.1886,0.3845,6.0681,BELOW_MA
2024-08-22,5.938,1.6878,1.1966,0.3842,6.0658,BELOW_MA
2024-08-23,5.9623,1.6878,1.2038,0.3923,6.065,BELOW_MA
2024-08-26,5.9629,1.6878,1.1997,0.3933,6.0621,BELOW_MA
2024-08-27,5.9815,1.6878,1.2158,0.3897,6.0603,BELOW_MA
2024-08-28,5.9545,1.6878,1.2188,0.3894,6.058,BELOW_MA
2024-08-29,5.9745,1.6878,1.2228,0.3921,6.0555,BELOW_MA
2024-08-30,6.0966,1.662,1.2253,0.3906,6.0557,ABOVE_MA
2024-09-02,6.0966,1.662,1.2253,0.3906,6.0568,ABOVE_MA
2024-09-03,5.8747,1.662,1.2179,0.3867,6.0532,BELOW_MA
2024-09-04,5.7881,1.662,1.2088,0.3868,6.0459,BELOW_MA
2024-09-05,5.7414,1.662,1.1986,0.3858,6.038,BELOW_MA
2024-09-06,5.6454,1.662,1.1923,0.3849,6.0264,BELOW_MA
2024-09-09,5.6844,1.662,1.198,0.3817,6.013,BELOW_MA
2024-09-10,5.669,1.662,1.1803,0.3798,5.9995,BELOW_MA
2024-09-11,5.732,1.662,1.1708,0.377,5.9884,BELOW_MA
2024-09-12,5.8071,1.662,1.1709,0.3787,5.9787,BELOW_MA
2024-09-13,5.822,1.662,1.1579,0.386,5.9697,BELOW_MA
2024-09-16,5.7777,1.662,1.1641,0.3868,5.9599,BELOW_MA
2024-09-17,5.8079,1.662,1.1714,0.3899,5.95,BELOW_MA
2024-09-18,5.8633,1.662,1.1767,0.3911,5.9404,BELOW_MA
2024-09-19,5.9831,1.662,1.1967,0.3925,5.9355,ABOVE_MA
2024-09-20,5.9958,1.662,1.1651,0.3889,5.9306,ABOVE_MA
2024-09-23,6.0237,1.662,1.1523,0.3865,5.9244,ABOVE_MA
2024-09-24,6.0422,1.662,1.1508,0.3861,5.9197,ABOVE_MA
2024-09-25,6.0798,1.662,1.1379,0.3822,5.9174,ABOVE_MA
2024-09-26,6.0894,1.7041,1.1516,0.3828,5.9154,ABOVE_MA
2024-09-27,6.0492,1.7041,1.1437,0.3859,5.9127,ABOVE_MA
2024-09-30,6.1024,1.7046,1.1427,0.3853,5.9094,ABOVE_MA
2024-10-01,6.0042,1.7046,1.1276,0.3835,5.9041,ABOVE_MA
2024-10-02,6.0581,1.7046,1.1283,0.3828,5.9014,ABOVE_MA
2024-10-03,6.1044,1.7046,1.123,0.381,5.9013,ABOVE_MA
2024-10-04,6.2368,1.7046,1.1436,0.3828,5.9034,ABOVE_MA
2024-10-07,6.2272,1.7046,1.1561,0.3833,5.906,ABOVE_MA
2024-10-08,6.2756,1.7046,1.1623,0.3799,5.9105,ABOVE_MA
2024-10-09,6.3551,1.7046,1.1832,0.3782,5.916,ABOVE_MA
2024-10-10,6.3689,1.7046,1.1829,0.3767,5.9245,ABOVE_MA
2024-10-11,6.433,1.7046,1.1955,0.3821,5.94,ABOVE_MA
2024-10-14,6.4805,1.7046,1.1879,0.3818,5.9603,ABOVE_MA
2024-10-15,6.3529,1.7046,1.1853,0.3851,5.9745,ABOVE_MA
2024-10-16,6.3537,1.7046,1.1763,0.3897,5.9887,ABOVE_MA
2024-10-17,6.4565,1.7046,1.1904,0.3886,6.0016,ABOVE_MA
2024-10-18,6.477,1.7046,1.1838,0.3863,6.0156,ABOVE_MA
2024-10-21,6.581,1.7046,1.1786,0.3809,6.032,ABOVE_MA
2024-10-22,6.5716,1.7046,1.1808,0.3796,6.0472,ABOVE_MA
2024-10-23,6.5286,1.7046,1.1687,0.3797,6.0618,ABOVE_MA
2024-10-24,6.5011,1.7046,1.1772,0.3797,6.073,ABOVE_MA
2024-10-25,6.536,1.7046,1.1817,0.3784,6.085,ABOVE_MA
2024-10-28,6.5735,1.7046,1.1869,0.3833,6.0971,ABOVE_MA
2024-10-29,6.5744,1.7046,1.2057,0.3815,6.1104,ABOVE_MA
2024-10-30,6.5349,1.7046,1.214,0.3821,6.1226,ABOVE_MA
2024-10-31,6.3966,1.5495,1.1848,0.3833,6.1318,ABOVE_MA
2024-11-01,6.5159,1.5495,1.2158,0.3838,6.1429,ABOVE_MA
2024-11-04,6.4025,1.5495,1.2211,0.3866,6.1516,ABOVE_MA
2024-11-05,6.4453,1.5495,1.2141,0.3892,6.1609,ABOVE_MA
2024-11-06,6.7921,1.5495,1.3014,0.4017,6.1777,ABOVE_MA
2024-11-07,6.7594,1.5495,1.2782,0.3972,6.1934,ABOVE_MA
2024-11-08,6.7038,1.5495,1.2657,0.3984,6.2055,ABOVE_MA
2024-11-11,6.7432,1.5495,1.28,0.404,6.2184,ABOVE_MA
2024-11-12,6.8244,1.5495,1.291,0.3982,6.2374,ABOVE_MA
2024-11-13,6.8934,1.5495,1.2941,0.394,6.2595,ABOVE_MA
2024-11-14,6.8092,1.5495,1.2952,0.3912,6.2809,ABOVE_MA
2024-11-15,6.74,1.5495,1.2819,0.3904,6.3028,ABOVE_MA
2024-11-18,6.7557,1.5495,1.2745,0.3896,6.3242,ABOVE_MA
2024-11-19,6.7458,1.5495,1.2581,0.391,6.3458,ABOVE_MA
2024-11-20,6.7701,1.5495,1.2535,0.3914,6.3665,ABOVE_MA
2024-11-21,6.8112,1.5495,1.248,0.3953,6.3866,ABOVE_MA
2024-11-22,6.8283,1.5495,1.2687,0.4013,6.4067,ABOVE_MA
2024-11-25,6.6789,1.5495,1.2748,0.406,6.4248,ABOVE_MA
2024-11-26,6.7398,1.5495,1.2569,0.401,6.4434,ABOVE_MA
2024-11-27,6.673,1.5495,1.2594,0.4027,6.4596,ABOVE_MA
2024-11-28,6.673,1.5495,1.2594,0.4027,6.4734,ABOVE_MA
2024-11-29,6.6461,1.5545,1.2611,0.4018,6.4864,ABOVE_MA
2024-12-02,6.6423,1.5545,1.2761,0.4008,6.4988,ABOVE_MA
2024-12-03,6.7031,1.5545,1.2774,0.3978,6.512,ABOVE_MA
2024-12-04,6.6732,1.5545,1.2728,0.3968,6.5238,ABOVE_MA
2024-12-05,6.649,1.5545,1.2728,0.3928,6.535,ABOVE_MA
2024-12-06,6.6512,1.5545,1.2884,0.3934,6.5471,ABOVE_MA
2024-12-09,6.6786,1.5545,1.2868,0.3935,6.5586,ABOVE_MA
2024-12-10,6.6892,1.5545,1.2961,0.393,6.5723,ABOVE_MA
2024-12-11,6.8054,1.5545,1.3067,0.3918,6.5872,ABOVE_MA
2024-12-12,6.8537,1.5545,1.3015,0.3887,6.6022,ABOVE_MA
2024-12-13,6.9232,1.5545,1.2998,0.3861,6.616,ABOVE_MA
2024-12-16,6.9319,1.5545,1.3078,0.3867,6.6301,ABOVE_MA
2024-12-17,6.8865,1.5545,1.3039,0.3839,6.6423,ABOVE_MA
2024-12-18,6.7658,1.5545,1.2955,0.3781,6.6505,ABOVE_MA
2024-12-19,6.8675,1.5545,1.2942,0.3766,6.6605,ABOVE_MA
2024-12-20,6.9106,1.5545,1.2928,0.3756,6.67,ABOVE_MA
2024-12-23,7.0167,1.5545,1.2919,0.3725,6.6807,ABOVE_MA
2024-12-24,7.0643,1.5545,1.2996,0.3717,6.695,ABOVE_MA
2024-12-25,7.0643,1.5545,1.2996,0.3717,6.7092,ABOVE_MA
2024-12-26,7.069,1.5545,1.306,0.3755,6.7214,ABOVE_MA
2024-12-27,7.0524,1.5545,1.3002,0.374,6.7329,ABOVE_MA
2024-12-30,6.9164,1.5545,1.293,0.3754,6.7396,ABOVE_MA
2024-12-31,6.9284,1.6079,1.2957,0.3772,6.7468,ABOVE_MA
2025-01-01,6.9284,1.6079,1.2957,0.3772,6.7548,ABOVE_MA
2025-01-02,6.8923,1.6079,1.2824,0.3784,6.7626,ABOVE_MA
2025-01-03,7.0011,1.6079,1.2789,0.3793,6.7719,ABOVE_MA
2025-01-06,7.0727,1.6079,1.2896,0.3773,6.7819,ABOVE_MA
2025-01-07,7.0727,1.6079,1.2898,0.3785,6.7918,ABOVE_MA
2025-01-08,7.0744,1.6079,1.2942,0.3763,6.8026,ABOVE_MA
2025-01-09,7.0744,1.6079,1.2942,0.3763,6.8162,ABOVE_MA
2025-01-10,7.0123,1.6079,1.2703,0.3737,6.8261,ABOVE_MA
2025-01-13,7.0258,1.6079,1.2947,0.3739,6.8386,ABOVE_MA
2025-01-14,7.0467,1.6147,1.2936,0.3776,6.8506,ABOVE_MA
2025-01-15,7.0539,1.6147,1.3073,0.3781,6.8559,ABOVE_MA
2025-01-16,7.0175,1.6147,1.2838,0.3796,6.861,ABOVE_MA
2025-01-17,7.0761,1.6147,1.2925,0.3775,6.8685,ABOVE_MA
2025-01-20,7.0761,1.6147,1.2925,0.3775,6.8751,ABOVE_MA
2025-01-21,7.0773,1.6147,1.2837,0.3812,6.8802,ABOVE_MA
2025-01-22,7.1545,1.6147,1.306,0.3766,6.8854,ABOVE_MA
2025-01-23,7.2497,1.6147,1.3072,0.3763,6.8942,ABOVE_MA
2025-01-24,7.1965,1.6147,1.2979,0.3763,6.9033,ABOVE_MA
2025-01-27,7.0116,1.6147,1.343,0.3781,6.9085,ABOVE_MA
2025-01-28,7.0769,1.6147,1.3597,0.3753,6.9151,ABOVE_MA
2025-01-29,7.0593,1.6147,1.356,0.3761,6.9209,ABOVE_MA
2025-01-30,7.0705,1.6147,1.3409,0.3779,6.926,ABOVE_MA
2025-01-31,7.0796,1.6083,1.3407,0.3765,6.9311,ABOVE_MA
2025-02-03,6.9756,1.6083,1.3284,0.3746,6.937,ABOVE_MA
2025-02-04,7.0009,1.6083,1.3369,0.3773,6.9422,ABOVE_MA
2025-02-05,6.9146,1.6083,1.3374,0.3798,6.9471,BELOW_MA
2025-02-06,6.9417,1.6083,1.3502,0.3773,6.9524,BELOW_MA
2025-02-07,6.9232,1.6083,1.3457,0.3764,6.958,BELOW_MA
2025-02-10,6.9913,1.6083,1.3203,0.3755,6.965,ABOVE_MA
2025-02-11,7.0419,1.6083,1.3172,0.3731,6.9717,ABOVE_MA
2025-02-12,7.1156,1.6083,1.3149,0.3708,6.9806,ABOVE_MA
2025-02-13,7.0734,1.6083,1.3206,0.3711,6.9891,ABOVE_MA
2025-02-14,7.035,1.6083,1.3287,0.3708,6.9967,ABOVE_MA
2025-02-17,7.035,1.6083,1.3287,0.3708,7.0039,ABOVE_MA
2025-02-18,7.1399,1.6083,1.3257,0.3717,7.0129,ABOVE_MA
2025-02-19,7.1483,1.6083,1.3191,0.3696,7.0197,ABOVE_MA
2025-02-20,7.0918,1.6083,1.2992,0.3676,7.0245,ABOVE_MA
2025-02-21,6.8871,1.6083,1.2827,0.3632,7.0238,BELOW_MA
2025-02-24,6.8359,1.6083,1.2946,0.3623,7.0219,BELOW_MA
2025-02-25,6.6865,1.6083,1.3011,0.3627,7.0179,BELOW_MA
2025-02-26,6.6505,1.6083,1.2929,0.3629,7.0156,BELOW_MA
2025-02-27,6.5914,1.6083,1.3296,0.3632,7.01,BELOW_MA
2025-02-28,6.6128,1.5815,1.3363,0.3614,7.0041,BELOW_MA
2025-03-03,6.467,1.5815,1.3234,0.3578,6.9931,BELOW_MA
2025-03-04,6.4703,1.5815,1.2976,0.358,6.9812,BELOW_MA
2025-03-05,6.5922,1.5815,1.3146,0.3577,6.9718,BELOW_MA
2025-03-06,6.4967,1.5815,1.3201,0.3586,6.9603,BELOW_MA
2025-03-07,6.5543,1.5815,1.2896,0.3578,6.9504,BELOW_MA
2025-03-10,6.3135,1.5815,1.247,0.3583,6.9383,BELOW_MA
2025-03-11,6.3063,1.5815,1.2479,0.3613,6.9259,BELOW_MA
2025-03-12,6.3778,1.5815,1.2538,0.36,6.9148,BELOW_MA
2025-03-13,6.2381,1.5815,1.2436,0.3594,6.9018,BELOW_MA
2025-03-14,6.4006,1.5815,1.248,0.3607,6.8898,BELOW_MA
2025-03-17,6.4183,1.5815,1.2577,0.3624,6.8767,BELOW_MA
2025-03-18,6.3423,1.5815,1.265,0.3632,6.8621,BELOW_MA
2025-03-19,6.3786,1.5815,1.2742,0.3649,6.8481,BELOW_MA
2025-03-20,6.3558,1.5815,1.2707,0.3636,6.8338,BELOW_MA
2025-03-21,6.3957,1.5815,1.2743,0.3613,6.8214,BELOW_MA
2025-03-24,6.5779,1.5815,1.2971,0.3637,6.8125,BELOW_MA
2025-03-25,6.5945,1.5815,1.3255,0.3608,6.8034,BELOW_MA
2025-03-26,6.559,1.5815,1.3128,0.3615,6.7935,BELOW_MA
2025-03-27,6.5606,1.5815,1.3106,0.3607,6.7844,BELOW_MA
2025-03-28,6.3405,1.5815,1.2758,0.3607,6.7697,BELOW_MA
2025-03-31,6.3205,1.4827,1.2772,0.3565,6.7546,BELOW_MA
2025-04-01,6.284,1.4827,1.2726,0.3555,6.7387,BELOW_MA
2025-04-02,6.328,1.4827,1.277,0.3589,6.7222,BELOW_MA
2025-04-03,5.9884,1.4827,1.2218,0.3533,6.697,BELOW_MA
2025-04-04,5.5776,1.4827,1.199,0.3585,6.6646,BELOW_MA
2025-04-07,5.7409,1.4827,1.2146,0.3559,6.6392,BELOW_MA
2025-04-08,5.7593,1.4827,1.2149,0.352,6.6128,BELOW_MA
2025-04-09,6.3271,1.4827,1.2571,0.3456,6.5982,BELOW_MA
2025-04-10,6.2214,1.4827,1.2311,0.3463,6.5812,BELOW_MA
2025-04-11,6.2978,1.4827,1.2366,0.3452,6.5655,BELOW_MA
2025-04-14,6.3139,1.4827,1.2272,0.3459,6.5523,BELOW_MA
2025-04-15,6.2739,1.4827,1.2303,0.3473,6.5378,BELOW_MA
2025-04-16,6.1007,1.4827,1.2221,0.3518,6.5215,BELOW_MA
2025-04-17,6.1636,1.4827,1.213,0.3541,6.5059,BELOW_MA
2025-04-18,6.1636,1.4827,1.213,0.3541,6.4907,BELOW_MA
2025-04-21,6.1238,1.4827,1.2158,0.3555,6.4734,BELOW_MA
2025-04-22,6.2487,1.4827,1.2223,0.3555,6.4575,BELOW_MA
2025-04-23,6.2846,1.4827,1.2318,0.3552,6.4409,BELOW_MA
2025-04-24,6.35,1.4827,1.2434,0.3549,6.4264,BELOW_MA
2025-04-25,6.349,1.4827,1.2413,0.3524,6.4127,BELOW_MA
2025-04-28,6.3117,1.4827,1.2378,0.3538,6.3983,BELOW_MA
2025-04-29,6.2983,1.4827,1.2411,0.3536,6.3814,BELOW_MA
2025-04-30,6.3526,1.3857,1.2495,0.3513,6.3655,BELOW_MA
2025-05-01,6.4296,1.3857,1.2457,0.351,6.3523,ABOVE_MA
2025-05-02,6.597,1.3857,1.2618,0.3536,6.3465,ABOVE_MA
2025-05-05,6.5955,1.3857,1.2568,0.3529,6.3417,ABOVE_MA
2025-05-06,6.5189,1.3857,1.2344,0.352,6.3383,ABOVE_MA
2025-05-07,6.5187,1.3857,1.2383,0.3517,6.3357,ABOVE_MA
2025-05-08,6.638,1.3857,1.2586,0.3559,6.3366,ABOVE_MA
2025-05-09,6.6202,1.3857,1.2564,0.3557,6.3367,ABOVE_MA
2025-05-12,6.9027,1.3857,1.2894,0.3565,6.3455,ABOVE_MA
2025-05-13,6.9765,1.3857,1.2967,0.3554,6.3556,ABOVE_MA
2025-05-14,7.0327,1.3857,1.2988,0.3518,6.3644,ABOVE_MA
2025-05-15,7.0053,1.3857,1.2802,0.3524,6.3746,ABOVE_MA
2025-05-16,7.0312,1.3857,1.2695,0.3531,6.3841,ABOVE_MA
2025-05-19,7.059,1.3857,1.2649,0.3512,6.399,ABOVE_MA
2025-05-20,7.0862,1.3857,1.2542,0.3526,6.4146,ABOVE_MA
2025-05-21,7.0882,1.3857,1.2514,0.3485,6.4288,ABOVE_MA
2025-05-22,7.0538,1.3857,1.268,0.3484,6.4451,ABOVE_MA
2025-05-23,6.9937,1.3857,1.2485,0.3497,6.457,ABOVE_MA
2025-05-26,6.9937,1.3857,1.2485,0.3497,6.4685,ABOVE_MA
2025-05-27,7.0413,1.3857,1.2609,0.3512,6.4825,ABOVE_MA
2025-05-28,7.031,1.3857,1.2704,0.3496,6.4955,ABOVE_MA
2025-05-29,6.9938,1.3857,1.2678,0.3492,6.5083,ABOVE_MA
2025-05-30,6.9751,1.3594,1.2575,0.3478,6.5199,ABOVE_MA
2025-06-02,7.0803,1.3594,1.2543,0.347,6.5299,ABOVE_MA
2025-06-03,7.1335,1.3594,1.2533,0.3506,6.5407,ABOVE_MA
2025-06-04,7.0182,1.3594,1.2682,0.3497,6.5499,ABOVE_MA
2025-06-05,6.9792,1.3594,1.2671,0.3515,6.5583,ABOVE_MA
2025-06-06,7.1416,1.3594,1.277,0.3536,6.5743,ABOVE_MA
2025-06-09,7.1403,1.3594,1.2783,0.3557,6.5907,ABOVE_MA
2025-06-10,7.1439,1.3594,1.2766,0.3556,6.6079,ABOVE_MA
2025-06-11,7.1023,1.3594,1.2744,0.3552,6.6234,ABOVE_MA
2025-06-12,7.0466,1.3594,1.2592,0.3523,6.6445,ABOVE_MA
2025-06-13,7.0349,1.3594,1.2406,0.3498,6.6737,ABOVE_MA
2025-06-16,7.1744,1.3594,1.2612,0.3506,6.7023,ABOVE_MA
2025-06-17,7.0278,1.3594,1.2641,0.3499,6.7277,ABOVE_MA
2025-06-18,7.0142,1.3594,1.2604,0.3518,6.7415,ABOVE_MA
2025-06-19,7.0142,1.3594,1.2604,0.3518,6.7573,ABOVE_MA
2025-06-20,7.011,1.3594,1.2604,0.3519,6.7716,ABOVE_MA
2025-06-23,7.0577,1.3594,1.2604,0.3527,6.7865,ABOVE_MA
2025-06-24,7.0837,1.3594,1.2737,0.3533,6.8026,ABOVE_MA
2025-06-25,7.0786,1.3594,1.2868,0.349,6.8222,ABOVE_MA
2025-06-26,7.0989,1.3594,1.2857,0.3519,6.8409,ABOVE_MA
2025-06-27,7.1794,1.3594,1.2869,0.3503,6.8612,ABOVE_MA
2025-06-30,7.1434,1.3335,1.2921,0.3491,6.8816,ABOVE_MA
2025-07-01,7.1237,1.3335,1.2949,0.3528,6.8991,ABOVE_MA
2025-07-02,7.2018,1.3335,1.3052,0.3561,6.9175,ABOVE_MA
2025-07-03,7.3089,1.3335,1.3096,0.3566,6.9366,ABOVE_MA
2025-07-04,7.3089,1.3335,1.3096,0.3566,6.9558,ABOVE_MA
2025-07-07,7.3251,1.3335,1.2941,0.3539,6.9761,ABOVE_MA
2025-07-08,7.3298,1.3335,1.2965,0.3565,6.9967,ABOVE_MA
2025-07-09,7.2974,1.3335,1.2893,0.3582,7.0156,ABOVE_MA
2025-07-10,7.3128,1.3335,1.2862,0.359,7.0333,ABOVE_MA
2025-07-11,7.3896,1.3335,1.2749,0.3553,7.0492,ABOVE_MA
2025-07-14,7.4188,1.3335,1.2791,0.357,7.0656,ABOVE_MA
2025-07-15,7.4394,1.3335,1.2692,0.3516,7.084,ABOVE_MA
2025-07-16,7.4536,1.3335,1.2774,0.3539,7.1027,ABOVE_MA
2025-07-17,7.501,1.3335,1.2844,0.3564,7.12,ABOVE_MA
2025-07-18,7.4847,1.3335,1.264,0.3541,7.1373,ABOVE_MA
2025-07-21,7.432,1.3335,1.2564,0.352,7.1479,ABOVE_MA
2025-07-22,7.3883,1.3335,1.2478,0.3549,7.1561,ABOVE_MA
2025-07-23,7.4928,1.3335,1.2675,0.3573,7.1653,ABOVE_MA
2025-07-24,7.5086,1.3335,1.2683,0.3522,7.1754,ABOVE_MA
2025-07-25,7.4931,1.3335,1.2738,0.352,7.1846,ABOVE_MA
2025-07-28,7.5403,1.3335,1.2787,0.3517,7.1942,ABOVE_MA
2025-07-29,7.3954,1.3335,1.2579,0.3504,7.2004,ABOVE_MA
2025-07-30,7.4243,1.3335,1.2459,0.349,7.2071,ABOVE_MA
2025-07-31,7.3921,1.279,1.2318,0.3469,7.2139,ABOVE_MA
2025-08-01,7.1689,1.279,1.2069,0.3455,7.2174,BELOW_MA
2025-08-04,7.2585,1.279,1.1977,0.348,7.2227,ABOVE_MA
2025-08-05,7.1992,1.279,1.2057,0.3515,7.2259,BELOW_MA
2025-08-06,7.2964,1.279,1.2225,0.3484,7.2312,ABOVE_MA
2025-08-07,7.303,1.279,1.1957,0.3476,7.2374,ABOVE_MA
2025-08-08,7.3918,1.279,1.2123,0.3456,7.2457,ABOVE_MA
2025-08-11,7.3693,1.279,1.2156,0.3462,7.2515,ABOVE_MA
2025-08-12,7.4853,1.279,1.2253,0.3527,7.2585,ABOVE_MA
2025-08-13,7.449,1.279,1.2292,0.3584,7.2671,ABOVE_MA
2025-08-14,7.5055,1.279,1.2438,0.3537,7.2776,ABOVE_MA
2025-08-15,7.5418,1.279,1.2345,0.3528,7.2856,ABOVE_MA
2025-08-18,7.5615,1.279,1.2408,0.3542,7.2941,ABOVE_MA
2025-08-19,7.4772,1.279,1.2312,0.3534,7.3007,ABOVE_MA
2025-08-20,7.4416,1.279,1.2361,0.3531,7.3075,ABOVE_MA
2025-08-21,7.4485,1.279,1.2406,0.3554,7.3156,ABOVE_MA
2025-08-22,7.5071,1.279,1.2547,0.3637,7.325,ABOVE_MA
2025-08-25,7.496,1.279,1.2613,0.3615,7.3314,ABOVE_MA
2025-08-26,7.5318,1.279,1.2684,0.363,7.3415,ABOVE_MA
2025-08-27,7.5569,1.279,1.2707,0.3647,7.3524,ABOVE_MA
2025-08-28,7.5341,1.1641,1.2821,0.3638,7.3628,ABOVE_MA
2025-08-29,7.5429,1.1641,1.2901,0.3644,7.3734,ABOVE_MA
2025-09-01,7.5429,1.1641,1.2901,0.3644,7.3831,ABOVE_MA
2025-09-02,7.5438,1.1641,1.2848,0.3651,7.3923,ABOVE_MA
2025-09-03,7.502,1.1641,1.2857,0.3628,7.4008,ABOVE_MA
2025-09-04,7.5075,1.1641,1.3006,0.3643,7.409,ABOVE_MA
2025-09-05,7.3734,1.1641,1.2809,0.3672,7.4128,BELOW_MA
2025-09-08,7.2937,1.1641,1.2951,0.367,7.4158,BELOW_MA
2025-09-09,7.353,1.1641,1.2919,0.364,7.4204,BELOW_MA
2025-09-10,7.3317,1.1641,1.2659,0.3623,7.423,BELOW_MA
2025-09-11,7.3437,1.1641,1.2797,0.366,7.4237,BELOW_MA
2025-09-12,7.3735,1.1641,1.2679,0.3624,7.425,BELOW_MA
2025-09-15,7.3952,1.1641,1.262,0.362,7.4264,BELOW_MA
2025-09-16,7.3693,1.1641,1.2825,0.3619,7.4272,BELOW_MA
2025-09-17,7.3792,1.1641,1.2917,0.3633,7.4288,BELOW_MA
2025-09-18,7.4912,1.1641,1.292,0.3706,7.4324,ABOVE_MA
2025-09-19,7.5421,1.1641,1.2865,0.366,7.4355,ABOVE_MA
2025-09-22,7.6056,1.1641,1.2727,0.3663,7.4392,ABOVE_MA
2025-09-23,7.5118,1.1641,1.2605,0.3675,7.4406,ABOVE_MA
2025-09-24,7.516,1.1641,1.2481,0.3653,7.4419,ABOVE_MA
2025-09-25,7.4813,1.1641,1.2569,0.3635,7.4415,ABOVE_MA
2025-09-26,7.531,1.1641,1.2458,0.3645,7.4424,ABOVE_MA
2025-09-29,7.4906,1.1641,1.2483,0.3639,7.4436,ABOVE_MA
2025-09-30,7.5411,1.2043,1.2403,0.3631,7.4467,ABOVE_MA
2025-10-01,7.5471,1.2043,1.2174,0.3626,7.4477,ABOVE_MA
2025-10-02,7.5336,1.2043,1.2187,0.3645,7.4482,ABOVE_MA
2025-10-03,7.548,1.2043,1.2133,0.3672,7.4493,ABOVE_MA
2025-10-06,7.6355,1.2043,1.2011,0.3674,7.4512,ABOVE_MA
2025-10-07,7.5641,1.2043,1.1973,0.3647,7.4546,ABOVE_MA
2025-10-08,7.6031,1.2043,1.1833,0.3664,7.4582,ABOVE_MA
2025-10-09,7.5871,1.2043,1.182,0.3651,7.4621,ABOVE_MA
2025-10-10,7.2651,1.2043,1.1613,0.364,7.464,BELOW_MA
2025-10-13,7.3807,1.2043,1.1634,0.3685,7.4665,BELOW_MA
2025-10-14,7.3479,1.2043,1.1657,0.3742,7.4694,BELOW_MA
2025-10-15,7.3969,1.2043,1.1508,0.3762,7.4714,BELOW_MA
2025-10-16,7.2912,1.2043,1.1311,0.3708,7.4712,BELOW_MA
2025-10-17,7.344,1.2043,1.1444,0.3662,7.4702,BELOW_MA
2025-10-20,7.3925,1.2043,1.158,0.3695,7.4707,BELOW_MA
2025-10-21,7.3559,1.2043,1.1686,0.3678,7.4681,BELOW_MA
2025-10-22,7.3128,1.2043,1.1647,0.3643,7.4654,BELOW_MA
2025-10-23,7.4074,1.2043,1.168,0.3667,7.4634,BELOW_MA
2025-10-24,7.4646,1.2043,1.1669,0.3682,7.4619,ABOVE_MA
2025-10-27,7.5269,1.2043,1.1684,0.3651,7.4612,ABOVE_MA
2025-10-28,7.5271,1.2043,1.1806,0.3622,7.4622,ABOVE_MA
2025-10-29,7.6075,1.2043,1.1608,0.359,7.4655,ABOVE_MA
2025-10-30,7.5684,1.2043,1.1689,0.36,7.4679,ABOVE_MA
2025-10-31,7.6153,1.2446,1.1802,0.3609,7.4701,ABOVE_MA
2025-11-03,7.6494,1.2446,1.1747,0.359,7.4731,ABOVE_MA
2025-11-04,7.5417,1.2446,1.1851,0.3571,7.4733,ABOVE_MA
2025-11-05,7.651,1.2446,1.1889,0.361,7.4752,ABOVE_MA
2025-11-06,7.5019,1.2446,1.1897,0.3584,7.4746,ABOVE_MA
2025-11-07,7.5244,1.2446,1.1818,0.3599,7.4742,ABOVE_MA
2025-11-10,7.6435,1.2446,1.1863,0.358,7.4762,ABOVE_MA
2025-11-11,7.6267,1.2446,1.1909,0.3575,7.4779,ABOVE_MA
2025-11-12,7.6173,1.2446,1.1983,0.3564,7.4802,ABOVE_MA
2025-11-13,7.5525,1.2446,1.1997,0.3522,7.4811,ABOVE_MA
2025-11-14,7.5949,1.2446,1.1866,0.3533,7.4855,ABOVE_MA
2025-11-17,7.5055,1.2446,1.1534,0.3495,7.4898,ABOVE_MA
2025-11-18,7.445,1.2446,1.1561,0.3536,7.4916,BELOW_MA
2025-11-19,7.489,1.2446,1.1701,0.3521,7.4947,BELOW_MA
2025-11-20,7.3457,1.2446,1.166,0.351,7.4948,BELOW_MA
2025-11-21,7.3963,1.2446,1.1769,0.3573,7.4952,BELOW_MA
2025-11-24,7.4632,1.2446,1.1689,0.3586,7.4966,BELOW_MA
2025-11-25,7.514,1.2446,1.1881,0.363,7.4995,ABOVE_MA
2025-11-26,7.5323,1.2446,1.1816,0.3637,7.5026,ABOVE_MA
2025-11-27,7.5323,1.2446,1.1816,0.3637,7.5034,ABOVE_MA
2025-11-28,7.6098,1.2611,1.1814,0.3638,7.5047,ABOVE_MA
2025-12-01,7.6701,1.2611,1.1999,0.3609,7.506,ABOVE_MA
2025-12-02,7.6808,1.2611,1.2075,0.3596,7.5094,ABOVE_MA
2025-12-03,7.6866,1.2611,1.2275,0.3649,7.5128,ABOVE_MA
2025-12-04,7.7331,1.2611,1.2326,0.3678,7.5178,ABOVE_MA
2025-12-05,7.784,1.2611,1.2445,0.3656,7.5229,ABOVE_MA
2025-12-08,7.7864,1.2611,1.2568,0.3668,7.5288,ABOVE_MA
2025-12-09,7.7717,1.2611,1.2512,0.3679,7.5334,ABOVE_MA
2025-12-10,7.7929,1.2611,1.2662,0.3705,7.5384,ABOVE_MA
2025-12-11,7.8217,1.2611,1.28,0.3739,7.5441,ABOVE_MA
2025-12-12,7.8132,1.2611,1.2882,0.3722,7.5494,ABOVE_MA
2025-12-15,7.796,1.2611,1.2774,0.3699,7.5526,ABOVE_MA
2025-12-16,7.7321,1.2611,1.2746,0.3692,7.556,ABOVE_MA
2025-12-17,7.654,1.2611,1.2828,0.3693,7.557,ABOVE_MA
2025-12-18,7.675,1.2611,1.2681,0.3687,7.5588,ABOVE_MA
2025-12-19,7.7737,1.2611,1.2917,0.3685,7.5689,ABOVE_MA
2025-12-22,7.8392,1.2611,1.3026,0.3703,7.5781,ABOVE_MA
2025-12-23,7.8624,1.2611,1.3006,0.3664,7.5884,ABOVE_MA
2025-12-24,7.8426,1.2611,1.3018,0.366,7.5973,ABOVE_MA
2025-12-25,7.8426,1.2611,1.3018,0.366,7.6083,ABOVE_MA
2025-12-26,7.8677,1.2611,1.3001,0.3642,7.6188,ABOVE_MA
2025-12-29,7.8103,1.2611,1.2907,0.3633,7.6272,ABOVE_MA
2025-12-30,7.8194,1.2611,1.2845,0.361,7.6364,ABOVE_MA
2025-12-31,7.8238,1.2768,1.283,0.361,7.6467,ABOVE_MA
2026-01-01,7.8238,1.2768,1.283,0.361,7.655,ABOVE_MA
2026-01-02,7.8498,1.2768,1.2721,0.3642,7.6627,ABOVE_MA
2026-01-05,7.8633,1.2768,1.3145,0.3675,7.6694,ABOVE_MA
2026-01-06,7.9263,1.2768,1.3144,0.3702,7.6774,ABOVE_MA
2026-01-07,7.8549,1.2768,1.3282,0.3705,7.6823,ABOVE_MA
2026-01-08,7.8936,1.2768,1.3313,0.3746,7.6889,ABOVE_MA
2026-01-09,7.8934,1.2768,1.311,0.3749,7.6944,ABOVE_MA
2026-01-12,7.9293,1.2768,1.2985,0.3762,7.7,ABOVE_MA
2026-01-13,7.8999,1.2768,1.2656,0.3767,7.7072,ABOVE_MA
2026-01-14,7.8157,1.252,1.2543,0.3812,7.7105,ABOVE_MA
2026-01-15,7.8387,1.252,1.2467,0.3836,7.7172,ABOVE_MA
2026-01-16,7.8777,1.252,1.2547,0.3842,7.7243,ABOVE_MA
2026-01-19,7.8777,1.252,1.2547,0.3842,7.729,ABOVE_MA
2026-01-20,7.8197,1.252,1.2384,0.3875,7.7328,ABOVE_MA
2026-01-21,7.8502,1.2037,1.2427,0.3907,7.7375,ABOVE_MA
2026-01-22,7.857,1.1926,1.2599,0.3916,7.7436,ABOVE_MA
2026-01-23,7.8579,1.2169,1.2486,0.3846,7.7488,ABOVE_MA
