date,gold_close,copper_close
2022-05-02,1861.800048828125,4.255499839782715
2022-05-03,1868.800048828125,4.270999908447266
2022-05-04,1867.0,4.328499794006348
2022-05-05,1874.0,4.284999847412109
2022-05-06,1881.199951171875,4.261499881744385
2022-05-09,1857.0999755859375,4.192999839782715
2022-05-10,1839.9000244140625,4.1545000076293945
2022-05-11,1852.5999755859375,4.212500095367432
2022-05-12,1823.800048828125,4.105000019073486
2022-05-13,1807.4000244140625,4.180500030517578
2022-05-16,1813.5,4.196499824523926
2022-05-17,1818.199951171875,4.239500045776367
2022-05-18,1815.9000244140625,4.182000160217285
2022-05-19,1841.199951171875,4.284999847412109
2022-05-20,1841.800048828125,4.281000137329102
2022-05-23,1847.800048828125,4.347499847412109
2022-05-24,1865.0999755859375,4.325500011444092
2022-05-25,1846.199951171875,4.2769999504089355
2022-05-26,1847.4000244140625,4.255000114440918
2022-05-27,1851.300048828125,4.303999900817871
2022-05-31,1842.699951171875,4.295000076293945
2022-06-01,1843.300048828125,4.329999923706055
2022-06-02,1866.5,4.553999900817871
2022-06-03,1845.4000244140625,4.477499961853027
2022-06-06,1839.199951171875,4.439499855041504
2022-06-07,1847.5,4.439499855041504
2022-06-08,1851.9000244140625,4.458499908447266
2022-06-09,1848.800048828125,4.388999938964844
2022-06-10,1871.5,4.301000118255615
2022-06-13,1828.0,4.2164998054504395
2022-06-14,1809.5,4.161499977111816
2022-06-15,1815.300048828125,4.167500019073486
2022-06-16,1845.699951171875,4.111999988555908
2022-06-17,1835.5999755859375,4.017499923706055
2022-06-21,1834.5999755859375,4.043000221252441
2022-06-22,1834.300048828125,3.9514999389648438
2022-06-23,1825.699951171875,3.758500099182129
2022-06-24,1826.5,3.759999990463257
2022-06-27,1820.9000244140625,3.7790000438690186
2022-06-28,1817.5,3.7839999198913574
2022-06-29,1813.699951171875,3.7790000438690186
2022-06-30,1804.0999755859375,3.7144999504089355
2022-07-01,1798.9000244140625,3.61899995803833
2022-07-05,1761.800048828125,3.424999952316284
2022-07-06,1734.9000244140625,3.4179999828338623
2022-07-07,1737.9000244140625,3.5820000171661377
2022-07-08,1740.5999755859375,3.5320000648498535
2022-07-11,1730.0,3.4375
2022-07-12,1723.300048828125,3.2964999675750732
2022-07-13,1734.199951171875,3.325500011444092
2022-07-14,1704.5,3.2105000019073486
2022-07-15,1702.4000244140625,3.234499931335449
2022-07-18,1709.199951171875,3.3480000495910645
2022-07-19,1710.0,3.2915000915527344
2022-07-20,1699.5,3.3294999599456787
2022-07-21,1712.699951171875,3.302000045776367
2022-07-22,1727.0999755859375,3.3485000133514404
2022-07-25,1719.0,3.3510000705718994
2022-07-26,1717.699951171875,3.382499933242798
2022-07-27,1719.0999755859375,3.429500102996826
2022-07-28,1750.300048828125,3.4749999046325684
2022-07-29,1762.9000244140625,3.5840001106262207
2022-08-01,1769.0,3.552000045776367
2022-08-02,1771.0999755859375,3.5244998931884766
2022-08-03,1758.0,3.4695000648498535
2022-08-04,1788.5,3.4830000400543213
2022-08-05,1772.9000244140625,3.552999973297119
2022-08-08,1786.800048828125,3.5875000953674316
2022-08-09,1794.0,3.5924999713897705
2022-08-10,1795.5999755859375,3.6554999351501465
2022-08-11,1789.699951171875,3.7105000019073486
2022-08-12,1798.5999755859375,3.6760001182556152
2022-08-15,1781.4000244140625,3.628999948501587
2022-08-16,1773.199951171875,3.6364998817443848
2022-08-17,1760.300048828125,3.5980000495910645
2022-08-18,1755.300048828125,3.6465001106262207
2022-08-19,1747.5999755859375,3.683500051498413
2022-08-22,1734.0,3.6705000400543213
2022-08-23,1746.800048828125,3.7044999599456787
2022-08-24,1747.800048828125,3.6605000495910645
2022-08-25,1757.699951171875,3.7105000019073486
2022-08-26,1736.0999755859375,3.7114999294281006
2022-08-29,1736.5999755859375,3.626499891281128
2022-08-30,1723.199951171875,3.5450000762939453
2022-08-31,1712.800048828125,3.5185000896453857
2022-09-01,1696.5999755859375,3.4144999980926514
2022-09-02,1709.800048828125,3.4214999675750732
2022-09-06,1700.4000244140625,3.4690001010894775
2022-09-07,1715.300048828125,3.437999963760376
2022-09-08,1708.0,3.5360000133514404
2022-09-09,1716.199951171875,3.5810000896453857
2022-09-12,1728.0999755859375,3.625499963760376
2022-09-13,1705.0,3.5810000896453857
2022-09-14,1696.5,3.5455000400543213
2022-09-15,1665.4000244140625,3.5234999656677246
2022-09-16,1671.699951171875,3.561000108718872
2022-09-19,1666.199951171875,3.557499885559082
2022-09-20,1659.699951171875,3.5480000972747803
2022-09-21,1664.5999755859375,3.51200008392334
2022-09-22,1670.800048828125,3.498500108718872
2022-09-23,1645.300048828125,3.371500015258789
2022-09-26,1623.300048828125,3.313499927520752
2022-09-27,1626.699951171875,3.322999954223633
2022-09-28,1660.4000244140625,3.381999969482422
2022-09-29,1658.5,3.440000057220459
2022-09-30,1662.4000244140625,3.441999912261963
2022-10-03,1692.9000244140625,3.4579999446868896
2022-10-04,1721.0999755859375,3.5179998874664307
2022-10-05,1711.4000244140625,3.5325000286102295
2022-10-06,1711.699951171875,3.4749999046325684
2022-10-07,1700.5,3.4124999046325684
2022-10-10,1667.300048828125,3.4535000324249268
2022-10-11,1678.699951171875,3.4779999256134033
2022-10-12,1670.300048828125,3.444499969482422
2022-10-13,1670.0,3.4674999713897705
2022-10-14,1641.699951171875,3.450500011444092
2022-10-17,1657.0,3.4554998874664307
2022-10-18,1649.0,3.4065001010894775
2022-10-19,1627.5,3.3605000972747803
2022-10-20,1630.800048828125,3.4509999752044678
2022-10-21,1651.0,3.5230000019073486
2022-10-24,1648.699951171875,3.4795000553131104
2022-10-25,1652.800048828125,3.450500011444092
2022-10-26,1664.0,3.629499912261963
2022-10-27,1660.699951171875,3.625499963760376
2022-10-28,1639.5999755859375,3.4660000801086426
2022-10-31,1635.9000244140625,3.4135000705718994
2022-11-01,1645.0,3.509500026702881
2022-11-02,1645.699951171875,3.505500078201294
2022-11-03,1627.300048828125,3.4565000534057617
2022-11-04,1672.5,3.7144999504089355
2022-11-07,1676.5,3.629499912261963
2022-11-08,1712.0999755859375,3.7054998874664307
2022-11-09,1710.0999755859375,3.741499900817871
2022-11-10,1750.300048828125,3.7960000038146973
2022-11-11,1766.0,3.9509999752044678
2022-11-14,1773.5999755859375,3.8550000190734863
2022-11-15,1773.800048828125,3.8394999504089355
2022-11-16,1773.0,3.7880001068115234
2022-11-17,1760.800048828125,3.689500093460083
2022-11-18,1751.9000244140625,3.631999969482422
2022-11-21,1737.4000244140625,3.571500062942505
2022-11-22,1738.300048828125,3.614500045776367
2022-11-23,1744.9000244140625,3.617500066757202
2022-11-25,1753.300048828125,3.626499891281128
2022-11-28,1740.0999755859375,3.6105000972747803
2022-11-29,1748.4000244140625,3.630000114440918
2022-11-30,1746.0,3.7295000553131104
2022-12-01,1801.0999755859375,3.813999891281128
2022-12-02,1795.9000244140625,3.8480000495910645
2022-12-05,1767.4000244140625,3.7894999980926514
2022-12-06,1769.300048828125,3.811500072479248
2022-12-07,1785.5,3.8554999828338623
2022-12-08,1788.699951171875,3.880500078201294
2022-12-09,1798.0999755859375,3.875999927520752
2022-12-12,1780.5,3.7985000610351562
2022-12-13,1813.9000244140625,3.8394999504089355
2022-12-14,1807.5,3.875
2022-12-15,1777.199951171875,3.763000011444092
2022-12-16,1790.0,3.7614998817443848
2022-12-19,1787.699951171875,3.7829999923706055
2022-12-20,1815.9000244140625,3.797499895095825
2022-12-21,1815.9000244140625,3.805999994277954
2022-12-22,1787.0,3.751499891281128
2022-12-23,1795.9000244140625,3.802999973297119
2022-12-27,1814.800048828125,3.8334999084472656
2022-12-28,1807.9000244140625,3.8320000171661377
2022-12-29,1819.5,3.821000099182129
2022-12-30,1819.699951171875,3.805500030517578
2023-01-03,1839.699951171875,3.7660000324249268
2023-01-04,1852.800048828125,3.739500045776367
2023-01-05,1834.800048828125,3.818000078201294
2023-01-06,1864.199951171875,3.9084999561309814
2023-01-09,1872.699951171875,4.018499851226807
2023-01-10,1871.5999755859375,4.066999912261963
2023-01-11,1874.5999755859375,4.1545000076293945
2023-01-12,1895.5,4.185999870300293
2023-01-13,1918.4000244140625,4.207499980926514
2023-01-17,1907.199951171875,4.215000152587891
2023-01-18,1904.4000244140625,4.228499889373779
2023-01-19,1922.0999755859375,4.226500034332275
2023-01-20,1926.4000244140625,4.248499870300293
2023-01-23,1927.0999755859375,4.254000186920166
2023-01-24,1933.9000244140625,4.245500087738037
2023-01-25,1941.199951171875,4.239999771118164
2023-01-26,1929.0999755859375,4.267000198364258
2023-01-27,1928.5999755859375,4.223999977111816
2023-01-30,1922.9000244140625,4.203499794006348
2023-01-31,1929.5,4.228499889373779
2023-02-01,1927.800048828125,4.111000061035156
2023-02-02,1916.300048828125,4.093999862670898
2023-02-03,1862.9000244140625,4.063000202178955
2023-02-06,1866.199951171875,4.043499946594238
2023-02-07,1871.699951171875,4.088500022888184
2023-02-08,1877.4000244140625,4.043499946594238
2023-02-09,1866.199951171875,4.105500221252441
2023-02-10,1862.800048828125,4.027500152587891
2023-02-13,1851.9000244140625,4.086999893188477
2023-02-14,1854.0,4.110000133514404
2023-02-15,1834.199951171875,4.052000045776367
2023-02-16,1842.0,4.165500164031982
2023-02-17,1840.4000244140625,4.113999843597412
2023-02-21,1833.0,4.234499931335449
2023-02-22,1832.0,4.202499866485596
2023-02-23,1818.0,4.072999954223633
2023-02-24,1808.800048828125,3.9549999237060547
2023-02-27,1817.0,4.008999824523926
2023-02-28,1828.9000244140625,4.097499847412109
2023-03-01,1837.699951171875,4.168000221252441
2023-03-02,1833.5,4.084000110626221
2023-03-03,1847.699951171875,4.078000068664551
2023-03-06,1847.9000244140625,4.100500106811523
2023-03-07,1813.9000244140625,3.9865000247955322
2023-03-08,1812.699951171875,4.041500091552734
2023-03-09,1829.300048828125,4.054500102996826
2023-03-10,1862.0,4.045499801635742
2023-03-13,1911.699951171875,4.069499969482422
2023-03-14,1906.199951171875,4.010499954223633
2023-03-15,1926.5999755859375,3.8564999103546143
2023-03-16,1919.0,3.885499954223633
2023-03-17,1969.800048828125,3.9135000705718994
2023-03-20,1979.199951171875,3.9755001068115234
2023-03-21,1938.0,4.018499851226807
2023-03-22,1946.800048828125,4.06850004196167
2023-03-23,1993.800048828125,4.145999908447266
2023-03-24,1982.0999755859375,4.101500034332275
2023-03-27,1952.4000244140625,4.104499816894531
2023-03-28,1972.4000244140625,4.111999988555908
2023-03-29,1966.0999755859375,4.114999771118164
2023-03-30,1980.300048828125,4.0904998779296875
2023-03-31,1969.0,4.104499816894531
2023-04-03,1983.9000244140625,4.059500217437744
2023-04-04,2022.199951171875,3.9835000038146973
2023-04-05,2020.9000244140625,3.997999906539917
2023-04-06,2011.9000244140625,4.026000022888184
2023-04-10,1989.0999755859375,3.9865000247955322
2023-04-11,2004.800048828125,4.024499893188477
2023-04-12,2010.9000244140625,4.084499835968018
2023-04-13,2041.300048828125,4.124000072479248
2023-04-14,2002.199951171875,4.107500076293945
2023-04-17,1994.199951171875,4.065999984741211
2023-04-18,2007.4000244140625,4.0894999504089355
2023-04-19,1995.199951171875,4.072000026702881
2023-04-20,2007.5999755859375,4.021999835968018
2023-04-21,1979.5,3.9800000190734863
2023-04-24,1989.0999755859375,3.953000068664551
2023-04-25,1994.0,3.8459999561309814
2023-04-26,1985.699951171875,3.8499999046325684
2023-04-27,1989.9000244140625,3.864500045776367
2023-04-28,1990.0999755859375,3.869999885559082
2023-05-01,1983.4000244140625,3.9170000553131104
2023-05-02,2014.300048828125,3.8480000495910645
2023-05-03,2028.5999755859375,3.8315000534057617
2023-05-04,2048.0,3.8499999046325684
2023-05-05,2017.4000244140625,3.871500015258789
2023-05-08,2026.300048828125,3.9179999828338623
2023-05-09,2036.199951171875,3.8889999389648438
2023-05-10,2030.5,3.828000068664551
2023-05-11,2014.699951171875,3.697499990463257
2023-05-12,2014.5,3.7165000438690186
2023-05-15,2018.0,3.737499952316284
2023-05-16,1988.4000244140625,3.6545000076293945
2023-05-17,1980.699951171875,3.743000030517578
2023-05-18,1956.5,3.68149995803833
2023-05-19,1978.699951171875,3.7225000858306885
2023-05-22,1974.800048828125,3.6740000247955322
2023-05-23,1972.4000244140625,3.6414999961853027
2023-05-24,1962.800048828125,3.553499937057495
2023-05-25,1943.0999755859375,3.5804998874664307
2023-05-26,1944.0999755859375,3.6735000610351562
2023-05-30,1958.0,3.6579999923706055
2023-05-31,1963.9000244140625,3.63100004196167
2023-06-01,1978.0,3.7065000534057617
2023-06-02,1952.4000244140625,3.7225000858306885
2023-06-05,1958.0,3.762500047683716
2023-06-06,1965.5,3.7669999599456787
2023-06-07,1942.699951171875,3.754499912261963
2023-06-08,1963.5999755859375,3.7964999675750732
2023-06-09,1962.199951171875,3.7890000343322754
2023-06-12,1955.300048828125,3.750499963760376
2023-06-13,1944.5999755859375,3.8285000324249268
2023-06-14,1955.300048828125,3.865999937057495
2023-06-15,1957.800048828125,3.8965001106262207
2023-06-16,1958.4000244140625,3.884500026702881
2023-06-20,1935.5,3.878499984741211
2023-06-21,1933.300048828125,3.9110000133514404
2023-06-22,1912.699951171875,3.8884999752044678
2023-06-23,1919.0999755859375,3.805999994277954
2023-06-26,1923.699951171875,3.7864999771118164
2023-06-27,1914.0,3.7815001010894775
2023-06-28,1912.300048828125,3.7204999923706055
2023-06-29,1909.199951171875,3.677500009536743
2023-06-30,1921.0999755859375,3.740999937057495
2023-07-03,1921.699951171875,3.7790000438690186
2023-07-05,1919.5999755859375,3.753499984741211
2023-07-06,1908.699951171875,3.7200000286102295
2023-07-07,1926.199951171875,3.7669999599456787
2023-07-10,1925.0,3.7715001106262207
2023-07-11,1931.300048828125,3.753499984741211
2023-07-12,1956.199951171875,3.8420000076293945
2023-07-13,1959.199951171875,3.929500102996826
2023-07-14,1960.0999755859375,3.921999931335449
2023-07-17,1952.4000244140625,3.8320000171661377
2023-07-18,1977.199951171875,3.815999984741211
2023-07-19,1977.5,3.799499988555908
2023-07-20,1968.300048828125,3.817500114440918
2023-07-21,1964.300048828125,3.802999973297119
2023-07-24,1960.300048828125,3.8405001163482666
2023-07-25,1962.0999755859375,3.9019999504089355
2023-07-26,1968.9000244140625,3.890500068664551
2023-07-27,1945.4000244140625,3.8635001182556152
2023-07-28,1960.4000244140625,3.9170000553131104
2023-07-31,1970.5,3.994499921798706
2023-08-01,1940.699951171875,3.8935000896453857
2023-08-02,1937.4000244140625,3.827500104904175
2023-08-03,1932.0,3.875999927520752
2023-08-04,1939.5999755859375,3.8450000286102295
2023-08-07,1933.5,3.812999963760376
2023-08-08,1924.0999755859375,3.747999906539917
2023-08-09,1915.4000244140625,3.7674999237060547
2023-08-10,1914.4000244140625,3.750999927520752
2023-08-11,1912.9000244140625,3.7144999504089355
2023-08-14,1910.5999755859375,3.7244999408721924
2023-08-15,1902.5,3.6614999771118164
2023-08-16,1896.0999755859375,3.6514999866485596
2023-08-17,1884.0999755859375,3.685499906539917
2023-08-18,1886.0999755859375,3.6989998817443848
2023-08-21,1893.300048828125,3.7119998931884766
2023-08-22,1896.4000244140625,3.750499963760376
2023-08-23,1918.5,3.803499937057495
2023-08-24,1918.199951171875,3.7674999237060547
2023-08-25,1911.0999755859375,3.759999990463257
2023-08-28,1917.9000244140625,3.753999948501587
2023-08-29,1936.5,3.7929999828338623
2023-08-30,1944.300048828125,3.7850000858306885
2023-08-31,1938.199951171875,3.7725000381469727
2023-09-01,1939.800048828125,3.8125
2023-09-05,1926.199951171875,3.811000108718872
2023-09-06,1918.0999755859375,3.748500108718872
2023-09-07,1917.5,3.7260000705718994
2023-09-08,1918.4000244140625,3.680500030517578
2023-09-11,1923.300048828125,3.7699999809265137
2023-09-12,1911.300048828125,3.752000093460083
2023-09-13,1909.0999755859375,3.75600004196167
2023-09-14,1910.0,3.7825000286102295
2023-09-15,1923.699951171875,3.7634999752044678
2023-09-18,1931.5,3.741499900817871
2023-09-19,1932.0,3.7139999866485596
2023-09-20,1945.5999755859375,3.746500015258789
2023-09-21,1919.199951171875,3.6665000915527344
2023-09-22,1925.4000244140625,3.6654999256134033
2023-09-25,1916.5999755859375,3.6494998931884766
2023-09-26,1900.4000244140625,3.625
2023-09-27,1871.5999755859375,3.627000093460083
2023-09-28,1860.4000244140625,3.694499969482422
2023-09-29,1848.0999755859375,3.7260000705718994
2023-10-02,1830.0,3.631999969482422
2023-10-03,1824.5999755859375,3.615499973297119
2023-10-04,1818.5,3.5840001106262207
2023-10-05,1816.5999755859375,3.546999931335449
2023-10-06,1830.199951171875,3.624500036239624
2023-10-09,1849.5,3.6424999237060547
2023-10-10,1861.0,3.631999969482422
2023-10-11,1872.800048828125,3.614000082015991
2023-10-12,1869.300048828125,3.5940001010894775
2023-10-13,1927.4000244140625,3.5799999237060547
2023-10-16,1921.0999755859375,3.5869998931884766
2023-10-17,1922.699951171875,3.575500011444092
2023-10-18,1955.300048828125,3.5820000171661377
2023-10-19,1968.4000244140625,3.5915000438690186
2023-10-20,1982.5,3.5420000553131104
2023-10-23,1976.300048828125,3.572999954223633
2023-10-24,1975.0,3.609999895095825
2023-10-25,1984.0999755859375,3.572000026702881
2023-10-26,1987.199951171875,3.56850004196167
2023-10-27,1988.5999755859375,3.634000062942505
2023-10-30,1996.199951171875,3.6494998931884766
2023-10-31,1985.199951171875,3.6414999961853027
2023-11-01,1978.800048828125,3.6449999809265137
2023-11-02,1985.5999755859375,3.6670000553131104
2023-11-03,1991.5,3.674499988555908
2023-11-06,1981.5999755859375,3.7095000743865967
2023-11-07,1966.800048828125,3.6700000762939453
2023-11-08,1951.5,3.628000020980835
2023-11-09,1964.199951171875,3.634999990463257
2023-11-10,1932.5999755859375,3.5834999084472656
2023-11-13,1945.5,3.6624999046325684
2023-11-14,1961.800048828125,3.682499885559082
2023-11-15,1960.0999755859375,3.7174999713897705
2023-11-16,1983.9000244140625,3.7044999599456787
2023-11-17,1981.5999755859375,3.737499952316284
2023-11-20,1977.699951171875,3.8125
2023-11-21,1999.300048828125,3.814500093460083
2023-11-22,1991.4000244140625,3.7664999961853027
2023-11-23,,3.7790000438690186
2023-11-24,2002.199951171875,3.7964999675750732
2023-11-27,2011.800048828125,3.762500047683716
2023-11-28,2039.699951171875,3.8010001182556152
2023-11-29,2047.0999755859375,3.7860000133514404
2023-11-30,2038.0999755859375,3.8289999961853027
2023-12-01,2071.0,3.9089999198913574
2023-12-04,2024.0999755859375,3.820499897003174
2023-12-05,2018.5,3.7725000381469727
2023-12-06,2030.5,3.7165000438690186
2023-12-07,2029.9000244140625,3.7844998836517334
2023-12-08,1998.300048828125,3.819999933242798
2023-12-11,1978.0,3.7799999713897705
2023-12-12,1977.800048828125,3.7860000133514404
2023-12-13,1982.300048828125,3.7860000133514404
2023-12-14,2030.199951171875,3.8884999752044678
2023-12-15,2021.0999755859375,3.884999990463257
2023-12-18,2026.300048828125,3.8480000495910645
2023-12-19,2038.4000244140625,3.8959999084472656
2023-12-20,2034.5,3.9014999866485596
2023-12-21,2039.0999755859375,3.9084999561309814
2023-12-22,2057.10009765625,3.8954999446868896
2023-12-26,2058.199951171875,3.8954999446868896
2023-12-27,2081.89990234375,3.94350004196167
2023-12-28,2073.89990234375,3.9130001068115234
2023-12-29,2062.39990234375,3.880500078201294
2024-01-02,2064.39990234375,3.86899995803833
2024-01-03,2034.199951171875,3.8475000858306885
2024-01-04,2042.300048828125,3.8310000896453857
2024-01-05,2042.4000244140625,3.7945001125335693
2024-01-08,2026.5999755859375,3.799499988555908
2024-01-09,2026.4000244140625,3.748500108718872
2024-01-10,2021.699951171875,3.7809998989105225
2024-01-11,2014.300048828125,3.7764999866485596
2024-01-12,2046.699951171875,3.740000009536743
2024-01-16,2026.0,3.7664999961853027
2024-01-17,2002.5999755859375,3.7325000762939453
2024-01-18,2018.5999755859375,3.744999885559082
2024-01-19,2026.5,3.7869999408721924
2024-01-22,2019.800048828125,3.7639999389648438
2024-01-23,2023.699951171875,3.7904999256134033
2024-01-24,2013.9000244140625,3.882499933242798
2024-01-25,2016.9000244140625,3.865499973297119
2024-01-26,2016.800048828125,3.8505001068115234
2024-01-29,2025.199951171875,3.872999906539917
2024-01-30,2031.5,3.9065001010894775
2024-01-31,2048.39990234375,3.9024999141693115
2024-02-01,2053.0,3.8524999618530273
2024-02-02,2036.0999755859375,3.821500062942505
2024-02-05,2025.699951171875,3.7720000743865967
2024-02-06,2034.5,3.7825000286102295
2024-02-07,2035.199951171875,3.737499952316284
2024-02-08,2032.199951171875,3.7054998874664307
2024-02-09,2023.300048828125,3.686000108718872
2024-02-12,2018.199951171875,3.7284998893737793
2024-02-13,1992.9000244140625,3.7139999866485596
2024-02-14,1990.300048828125,3.700500011444092
2024-02-15,2002.0999755859375,3.756500005722046
2024-02-16,2011.5,3.8380000591278076
2024-02-20,2027.5,3.866499900817871
2024-02-21,2022.300048828125,3.874500036239624
2024-02-22,2019.699951171875,3.8975000381469727
2024-02-23,2038.5999755859375,3.881999969482422
2024-02-26,2028.5,3.8239998817443848
2024-02-27,2034.0,3.8310000896453857
2024-02-28,2033.0,3.827500104904175
2024-02-29,2045.699951171875,3.8345000743865967
2024-03-01,2086.89990234375,3.8550000190734863
2024-03-04,2117.699951171875,3.8519999980926514
2024-03-05,2133.5,3.8440001010894775
2024-03-06,2150.300048828125,3.870500087738037
2024-03-07,2158.0,3.9195001125335693
2024-03-08,2178.60009765625,3.884999990463257
2024-03-11,2182.5,3.922499895095825
2024-03-12,2160.39990234375,3.924999952316284
2024-03-13,2175.39990234375,4.052499771118164
2024-03-14,2163.0,4.0370001792907715
2024-03-15,2157.300048828125,4.112500190734863
2024-03-18,2160.699951171875,4.114500045776367
2024-03-19,2156.300048828125,4.058499813079834
2024-03-20,2157.89990234375,4.03849983215332
2024-03-21,2182.39990234375,4.046500205993652
2024-03-22,2158.10009765625,3.996000051498413
2024-03-25,2174.800048828125,4.006999969482422
2024-03-26,2175.60009765625,3.996000051498413
2024-03-27,2190.60009765625,3.992500066757202
2024-03-28,2217.39990234375,4.003499984741211
2024-04-01,2236.5,4.046000003814697
2024-04-02,2261.0,4.070000171661377
2024-04-03,2294.39990234375,4.192999839782715
2024-04-04,2288.800048828125,4.246500015258789
2024-04-05,2325.699951171875,4.239500045776367
2024-04-08,2331.699951171875,4.2769999504089355
2024-04-09,2343.5,4.285999774932861
2024-04-10,2329.60009765625,4.2820000648498535
2024-04-11,2354.800048828125,4.251999855041504
2024-04-12,2356.199951171875,4.257500171661377
2024-04-15,2365.800048828125,4.379000186920166
2024-04-16,2390.800048828125,4.305500030517578
2024-04-17,2371.699951171875,4.34250020980835
2024-04-18,2382.300048828125,4.440499782562256
2024-04-19,2398.39990234375,4.501999855041504
2024-04-22,2332.199951171875,4.500500202178955
2024-04-23,2327.699951171875,4.490499973297119
2024-04-24,2324.5,4.4670000076293945
2024-04-25,2329.800048828125,4.570499897003174
2024-04-26,2334.800048828125,4.568999767303467
2024-04-29,2345.39990234375,4.658999919891357
2024-04-30,2291.39990234375,4.564499855041504
2024-05-01,2299.89990234375,4.552499771118164
2024-05-02,2299.199951171875,4.49399995803833
2024-05-03,2299.0,4.573500156402588
2024-05-06,2321.60009765625,4.634500026702881
2024-05-07,2315.199951171875,4.625500202178955
2024-05-08,2313.60009765625,4.561999797821045
2024-05-09,2332.10009765625,4.607500076293945
2024-05-10,2367.300048828125,4.69350004196167
2024-05-13,2336.10009765625,4.804500102996826
2024-05-14,2353.39990234375,4.953499794006348
2024-05-15,2388.699951171875,4.9695000648498535
2024-05-16,2380.0,4.892000198364258
2024-05-17,2412.199951171875,5.057000160217285
2024-05-20,2433.89990234375,5.087500095367432
2024-05-21,2421.699951171875,5.11899995803833
2024-05-22,2389.199951171875,4.867499828338623
2024-05-23,2335.0,4.816500186920166
2024-05-24,2332.5,4.778500080108643
2024-05-28,2355.199951171875,4.875500202178955
2024-05-29,2340.300048828125,4.805500030517578
2024-05-30,2342.89990234375,4.671999931335449
2024-05-31,2322.89990234375,4.610000133514404
2024-06-03,2346.60009765625,4.677000045776367
2024-06-04,2325.5,4.547999858856201
2024-06-05,2354.10009765625,4.619500160217285
2024-06-06,2370.300048828125,4.690999984741211
2024-06-07,2305.199951171875,4.494500160217285
2024-06-10,2307.699951171875,4.55649995803833
2024-06-11,2307.5,4.5229997634887695
2024-06-12,2336.0,4.581500053405762
2024-06-13,2300.199951171875,4.507500171661377
2024-06-14,2331.39990234375,4.551000118255615
2024-06-17,2312.39990234375,4.521500110626221
2024-06-18,2330.39990234375,4.561999797821045
2024-06-20,2353.800048828125,4.618000030517578
2024-06-21,2316.39990234375,4.49399995803833
2024-06-24,2330.0,4.5269999504089355
2024-06-25,2316.60009765625,4.38100004196167
2024-06-26,2299.199951171875,4.367499828338623
2024-06-27,2324.5,4.328499794006348
2024-06-28,2327.699951171875,4.390500068664551
2024-07-01,2327.60009765625,4.426499843597412
2024-07-02,2323.0,4.429500102996826
2024-07-03,2359.800048828125,4.540999889373779
2024-07-05,2388.5,4.6585001945495605
2024-07-08,2355.199951171875,4.622000217437744
2024-07-09,2360.10009765625,4.578000068664551
2024-07-10,2372.199951171875,4.607500076293945
2024-07-11,2415.0,4.508500099182129
2024-07-12,2414.0,4.598499774932861
2024-07-15,2422.89990234375,4.5289998054504395
2024-07-16,2462.39990234375,4.443999767303467
2024-07-17,2454.800048828125,4.39900016784668
2024-07-18,2451.800048828125,4.265999794006348
2024-07-19,2395.5,4.218999862670898
2024-07-22,2392.0,4.180500030517578
2024-07-23,2404.60009765625,4.145999908447266
2024-07-24,2413.300048828125,4.098999977111816
2024-07-25,2351.89990234375,4.112500190734863
2024-07-26,2380.0,4.104499816894531
2024-07-29,2377.300048828125,4.061999797821045
2024-07-30,2405.0,4.063000202178955
2024-07-31,2426.5,4.159999847412109
2024-08-01,2435.0,4.066500186920166
2024-08-02,2425.699951171875,4.084000110626221
2024-08-05,2401.699951171875,3.9839999675750732
2024-08-06,2389.10009765625,4.011499881744385
2024-08-07,2390.5,3.9375
2024-08-08,2422.199951171875,3.944999933242798
2024-08-09,2432.10009765625,3.9800000190734863
2024-08-12,2462.39990234375,4.054999828338623
2024-08-13,2466.699951171875,4.035999774932861
2024-08-14,2439.39990234375,4.025000095367432
2024-08-15,2453.10009765625,4.138999938964844
2024-08-16,2498.60009765625,4.127500057220459
2024-08-19,2501.800048828125,4.166500091552734
2024-08-20,2511.300048828125,4.149499893188477
2024-08-21,2508.39990234375,4.18149995803833
2024-08-22,2478.89990234375,4.140999794006348
2024-08-23,2508.39990234375,4.194499969482422
2024-08-26,2517.699951171875,4.21150016784668
2024-08-27,2516.0,4.230500221252441
2024-08-28,2501.0,4.144999980926514
2024-08-29,2525.699951171875,4.147500038146973
2024-08-30,2493.800048828125,4.144999980926514
2024-09-03,2489.89990234375,4.0320000648498535
2024-09-04,2493.39990234375,4.019499778747559
2024-09-05,2511.39990234375,4.077499866485596
2024-09-06,2493.5,4.014500141143799
2024-09-09,2501.800048828125,4.084499835968018
2024-09-10,2512.300048828125,4.040500164031982
2024-09-11,2512.10009765625,4.083000183105469
2024-09-12,2551.199951171875,4.132999897003174
2024-09-13,2581.300048828125,4.175000190734863
2024-09-16,2580.39990234375,4.2129998207092285
2024-09-17,2564.300048828125,4.213500022888184
2024-09-18,2570.699951171875,4.23799991607666
2024-09-19,2588.0,4.285999774932861
2024-09-20,2619.89990234375,4.281499862670898
2024-09-23,2626.5,4.289000034332275
2024-09-24,2651.199951171875,4.429500102996826
2024-09-25,2659.199951171875,4.427999973297119
2024-09-26,2669.89990234375,4.580999851226807
2024-09-27,2644.300048828125,4.540999889373779
2024-09-30,2636.10009765625,4.495999813079834
2024-10-01,2667.300048828125,4.5355000495910645
2024-10-02,2647.10009765625,4.5960001945495605
2024-10-03,2657.10009765625,4.501999855041504
2024-10-04,2645.800048828125,4.522500038146973
2024-10-07,2644.800048828125,4.519000053405762
2024-10-08,2615.0,4.4120001792907715
2024-10-09,2606.0,4.355000019073486
2024-10-10,2620.60009765625,4.385000228881836
2024-10-11,2657.60009765625,4.451499938964844
2024-10-14,2647.800048828125,4.363500118255615
2024-10-15,2661.39990234375,4.30049991607666
2024-10-16,2674.0,4.331500053405762
2024-10-17,2691.0,4.286499977111816
2024-10-18,2713.699951171875,4.3460001945495605
2024-10-21,2723.10009765625,4.322999954223633
2024-10-22,2744.199951171875,4.3480000495910645
2024-10-23,2714.39990234375,4.304500102996826
2024-10-24,2734.89990234375,4.319499969482422
2024-10-25,2740.89990234375,4.3394999504089355
2024-10-28,2742.89990234375,4.331999778747559
2024-10-29,2768.39990234375,4.332499980926514
2024-10-30,2788.5,4.327499866485596
2024-10-31,2738.300048828125,4.313499927520752
2024-11-01,2738.60009765625,4.347499847412109
2024-11-04,2736.10009765625,4.4070000648498535
2024-11-05,2740.300048828125,4.450500011444092
2024-11-06,2667.60009765625,4.222499847412109
2024-11-07,2698.39990234375,4.409999847412109
2024-11-08,2687.5,4.286499977111816
2024-11-11,2611.199951171875,4.210999965667725
2024-11-12,2600.0,4.119500160217285
2024-11-13,2580.800048828125,4.065999984741211
2024-11-14,2568.199951171875,4.072999954223633
2024-11-15,2565.699951171875,4.051000118255615
2024-11-18,2610.60009765625,4.107999801635742
2024-11-19,2627.10009765625,4.130000114440918
2024-11-20,2648.199951171875,4.143499851226807
2024-11-21,2672.10009765625,4.11299991607666
2024-11-22,2709.89990234375,4.073999881744385
2024-11-25,2616.800048828125,4.0914998054504395
2024-11-26,2620.300048828125,4.039000034332275
2024-11-27,2639.89990234375,4.066999912261963
2024-11-29,2657.0,4.08050012588501
2024-12-02,2634.89990234375,4.075500011444092
2024-12-03,2644.699951171875,4.145999908447266
2024-12-04,2653.800048828125,4.142000198364258
2024-12-05,2626.60009765625,4.135000228881836
2024-12-06,2638.60009765625,4.138500213623047
2024-12-09,2664.89990234375,4.223499774932861
2024-12-10,2697.60009765625,4.223499774932861
2024-12-11,2733.800048828125,4.214000225067139
2024-12-12,2687.5,4.195000171661377
2024-12-13,2656.0,4.14900016784668
2024-12-16,2651.39990234375,4.143499851226807
2024-12-17,2644.39990234375,4.0914998054504395
2024-12-18,2636.5,4.099999904632568
2024-12-19,2592.199951171875,4.020500183105469
2024-12-20,2628.699951171875,4.040999889373779
2024-12-23,2612.300048828125,4.0229997634887695
2024-12-24,2620.0,4.049499988555908
2024-12-26,2638.800048828125,4.072000026702881
2024-12-27,2617.199951171875,4.0625
2024-12-30,2606.10009765625,4.045499801635742
2024-12-31,2629.199951171875,3.9860000610351562
2025-01-02,2658.89990234375,3.9885001182556152
2025-01-03,2645.0,4.0395002365112305
2025-01-06,2638.39990234375,4.126999855041504
2025-01-07,2656.699951171875,4.1605000495910645
2025-01-08,2664.5,4.227499961853027
2025-01-09,2683.800048828125,4.2795000076293945
2025-01-10,2708.5,4.274499893188477
2025-01-13,2673.5,4.295499801635742
2025-01-14,2677.5,4.310500144958496
2025-01-15,2712.5,4.359499931335449
2025-01-16,2746.39990234375,4.4105000495910645
2025-01-17,2744.300048828125,4.337500095367432
2025-01-21,2755.0,4.310999870300293
2025-01-22,2767.60009765625,4.271500110626221
2025-01-23,2763.10009765625,4.299499988555908
2025-01-24,2777.300048828125,4.289999961853027
2025-01-27,2737.5,4.203499794006348
2025-01-28,2766.800048828125,4.2204999923706055
2025-01-29,2769.10009765625,4.257500171661377
2025-01-30,2823.0,4.288000106811523
2025-01-31,2812.5,4.26200008392334
2025-02-03,2833.89990234375,4.294000148773193
2025-02-04,2853.300048828125,4.34250020980835
2025-02-05,2871.60009765625,4.434500217437744
2025-02-06,2856.0,4.453499794006348
2025-02-07,2867.300048828125,4.581500053405762
2025-02-10,2914.300048828125,4.700500011444092
2025-02-11,2912.5,4.5945000648498535
2025-02-12,2909.0,4.697999954223633
2025-02-13,2925.89990234375,4.769000053405762
2025-02-14,2883.60009765625,4.656499862670898
2025-02-18,2931.60009765625,4.585000038146973
2025-02-19,2919.39990234375,4.557000160217285
2025-02-20,2940.0,4.607999801635742
2025-02-21,2937.60009765625,4.559999942779541
2025-02-24,2947.89990234375,4.517000198364258
2025-02-25,2904.5,4.486000061035156
2025-02-26,2916.800048828125,4.541999816894531
2025-02-27,2883.199951171875,4.579999923706055
2025-02-28,2836.800048828125,4.514500141143799
2025-03-03,2890.199951171875,4.576499938964844
2025-03-04,2909.60009765625,4.527500152587891
2025-03-05,2915.300048828125,4.766499996185303
2025-03-06,2916.60009765625,4.7789998054504395
2025-03-07,2904.699951171875,4.683000087738037
2025-03-10,2891.0,4.639500141143799
2025-03-11,2912.89990234375,4.739999771118164
2025-03-12,2939.10009765625,4.821000099182129
2025-03-13,2984.300048828125,4.898499965667725
2025-03-14,2994.5,4.869500160217285
2025-03-17,3000.0,4.933499813079834
2025-03-18,3035.10009765625,4.993000030517578
2025-03-19,3035.89990234375,5.076000213623047
2025-03-20,3040.0,5.085000038146973
2025-03-21,3018.199951171875,5.087500095367432
2025-03-24,3013.10009765625,5.064000129699707
2025-03-25,3023.699951171875,5.183000087738037
2025-03-26,3020.89990234375,5.216000080108643
2025-03-27,3060.199951171875,5.097499847412109
2025-03-28,3086.5,5.112500190734863
2025-03-31,3122.800048828125,5.019999980926514
2025-04-01,3118.89990234375,5.019000053405762
2025-04-02,3139.89990234375,5.023499965667725
2025-04-03,3097.0,4.810999870300293
2025-04-04,3012.0,4.384500026702881
2025-04-07,2951.300048828125,4.169000148773193
2025-04-08,2968.39990234375,4.127500057220459
2025-04-09,3056.5,4.17549991607666
2025-04-10,3155.199951171875,4.321000099182129
2025-04-11,3222.199951171875,4.507500171661377
2025-04-14,3204.800048828125,4.610499858856201
2025-04-15,3218.699951171875,4.611000061035156
2025-04-16,3326.60009765625,4.673999786376953
2025-04-17,3308.699951171875,4.731500148773193
2025-04-21,3406.199951171875,4.7210001945495605
2025-04-22,3400.800048828125,4.870500087738037
2025-04-23,3276.300048828125,4.8354997634887695
2025-04-24,3332.0,4.849999904632568
2025-04-25,3282.39990234375,4.8354997634887695
2025-04-28,3332.5,4.8379998207092285
2025-04-29,3318.800048828125,4.822999954223633
2025-04-30,3305.0,4.559999942779541
2025-05-01,3210.0,4.580999851226807
2025-05-02,3231.89990234375,4.627500057220459
2025-05-05,3311.300048828125,4.65500020980835
2025-05-06,3411.39990234375,4.735000133514404
2025-05-07,3381.39990234375,4.616499900817871
2025-05-08,3296.60009765625,4.560999870300293
2025-05-09,3335.39990234375,4.611000061035156
2025-05-12,3220.0,4.578499794006348
2025-05-13,3240.300048828125,4.68149995803833
2025-05-14,3181.39990234375,4.611000061035156
2025-05-15,3220.699951171875,4.644499778747559
2025-05-16,3182.0,4.555500030517578
2025-05-19,3228.89990234375,4.633500099182129
2025-05-20,3280.300048828125,4.619500160217285
2025-05-21,3309.300048828125,4.638000011444092
2025-05-22,3292.300048828125,4.648499965667725
2025-05-23,3363.60009765625,4.80649995803833
2025-05-27,3299.10009765625,4.710000038146973
2025-05-28,3293.60009765625,4.644000053405762
2025-05-29,3317.10009765625,4.653500080108643
2025-05-30,3288.89990234375,4.652500152587891
2025-06-02,3370.60009765625,4.834499835968018
2025-06-03,3350.199951171875,4.809500217437744
2025-06-04,3373.5,4.864500045776367
2025-06-05,3350.699951171875,4.91349983215332
2025-06-06,3322.699951171875,4.829999923706055
2025-06-09,3332.10009765625,4.9095001220703125
2025-06-10,3320.89990234375,4.883999824523926
2025-06-11,3321.300048828125,4.801000118255615
2025-06-12,3380.89990234375,4.821499824523926
2025-06-13,3431.199951171875,4.802999973297119
2025-06-16,3396.39990234375,4.826499938964844
2025-06-17,3386.60009765625,4.80049991607666
2025-06-18,3389.800048828125,4.84499979019165
2025-06-20,3368.10009765625,4.826000213623047
2025-06-23,3377.699951171875,4.8429999351501465
2025-06-24,3317.39990234375,4.867000102996826
2025-06-25,3327.10009765625,4.913000106811523
2025-06-26,3333.5,5.065499782562256
2025-06-27,3273.699951171875,5.06850004196167
2025-06-30,3294.39990234375,5.03000020980835
2025-07-01,3336.699951171875,5.047999858856201
2025-07-02,3348.0,5.14900016784668
2025-07-03,3331.60009765625,5.0970001220703125
2025-07-04,3332.5,5.018499851226807
2025-07-07,3332.199951171875,4.984499931335449
2025-07-08,3307.0,5.644999980926514
2025-07-09,3311.60009765625,5.44350004196167
2025-07-10,3317.39990234375,5.547999858856201
2025-07-11,3356.0,5.561999797821045
2025-07-14,3351.5,5.514999866485596
2025-07-15,3329.800048828125,5.546000003814697
2025-07-16,3352.5,5.496500015258789
2025-07-17,3340.10009765625,5.486000061035156
2025-07-18,3353.0,5.578000068664551
2025-07-21,3401.89990234375,5.610499858856201
2025-07-22,3439.199951171875,5.697000026702881
2025-07-23,3394.10009765625,5.795000076293945
2025-07-24,3371.0,5.7769999504089355
2025-07-25,3334.0,5.763500213623047
2025-07-28,3309.10009765625,5.59499979019165
2025-07-29,3323.39990234375,5.603499889373779
2025-07-30,3295.800048828125,5.570000171661377
2025-07-31,3293.199951171875,4.33050012588501
2025-08-01,3347.699951171875,4.412499904632568
2025-08-04,3374.39990234375,4.414999961853027
2025-08-05,3381.89990234375,4.363999843597412
2025-08-06,3380.0,4.390999794006348
2025-08-07,3400.300048828125,4.378499984741211
2025-08-08,3439.10009765625,4.45550012588501
2025-08-11,3353.10009765625,4.423500061035156
2025-08-12,3348.89990234375,4.508500099182129
2025-08-13,3358.699951171875,4.48199987411499
2025-08-14,3335.199951171875,4.4644999504089355
2025-08-15,3336.0,4.478000164031982
2025-08-18,3331.699951171875,4.456999778747559
2025-08-19,3313.39990234375,4.408999919891357
2025-08-20,3343.39990234375,4.426000118255615
2025-08-21,3336.89990234375,4.43149995803833
2025-08-22,3374.39990234375,4.447500228881836
2025-08-25,3373.800048828125,4.4664998054504395
2025-08-26,3388.60009765625,4.450500011444092
2025-08-27,3404.60009765625,4.4145002365112305
2025-08-28,3431.800048828125,4.463500022888184
2025-08-29,3473.699951171875,4.518499851226807
2025-09-02,3549.39990234375,4.569499969482422
2025-09-03,3593.199951171875,4.558499813079834
2025-09-04,3565.800048828125,4.48799991607666
2025-09-05,3613.199951171875,4.482500076293945
2025-09-08,3638.10009765625,4.490499973297119
2025-09-09,3643.300048828125,4.500999927520752
2025-09-10,3643.60009765625,4.550000190734863
2025-09-11,3636.89990234375,4.5904998779296875
2025-09-12,3649.39990234375,4.588500022888184
2025-09-15,3682.199951171875,4.6554999351501465
2025-09-16,3688.89990234375,4.632999897003174
2025-09-17,3681.800048828125,4.571000099182129
2025-09-18,3643.699951171875,4.540999889373779
2025-09-19,3671.5,4.568999767303467
2025-09-22,3740.699951171875,4.572999954223633
2025-09-23,3780.60009765625,4.584499835968018
2025-09-24,3732.10009765625,4.752500057220459
2025-09-25,3736.89990234375,4.699999809265137
2025-09-26,3775.300048828125,4.7154998779296875
2025-09-29,3820.89990234375,4.841000080108643
2025-09-30,3840.800048828125,4.804999828338623
2025-10-01,3867.5,4.83050012588501
2025-10-02,3839.699951171875,4.8979997634887695
2025-10-03,3880.800048828125,5.058000087738037
2025-10-06,3948.5,4.986999988555908
2025-10-07,3976.60009765625,5.047999858856201
2025-10-08,4043.300048828125,5.046000003814697
2025-10-09,3946.300048828125,5.075500011444092
2025-10-10,3975.89990234375,4.848499774932861
2025-10-13,4108.60009765625,5.100500106811523
2025-10-14,4138.7001953125,4.980500221252441
2025-10-15,4176.89990234375,4.9720001220703125
2025-10-16,4280.2001953125,4.958000183105469
2025-10-17,4189.89990234375,4.93149995803833
2025-10-20,4336.39990234375,4.998000144958496
2025-10-21,4087.699951171875,4.929999828338623
2025-10-22,4044.39990234375,4.960999965667725
2025-10-23,4125.5,5.081999778747559
2025-10-24,4118.39990234375,5.093500137329102
2025-10-27,4001.89990234375,5.140500068664551
2025-10-28,3966.199951171875,5.140500068664551
2025-10-29,3983.699951171875,5.233500003814697
2025-10-30,4001.300048828125,5.078000068664551
2025-10-31,3982.199951171875,5.065499782562256
2025-11-03,4000.300048828125,5.046999931335449
2025-11-04,3947.699951171875,4.926000118255615
2025-11-05,3980.300048828125,4.9629998207092285
2025-11-06,3979.89990234375,4.945499897003174
2025-11-07,3999.39990234375,4.938000202178955
2025-11-10,4111.7998046875,5.086999893188477
2025-11-11,4106.7998046875,5.048500061035156
2025-11-12,4204.39990234375,5.0894999504089355
2025-11-13,4186.89990234375,5.087500095367432
2025-11-14,4087.60009765625,5.049499988555908
2025-11-17,4068.300048828125,5.0
2025-11-18,4061.300048828125,4.962500095367432
2025-11-19,4077.699951171875,5.007999897003174
2025-11-20,4056.5,4.959499835968018
2025-11-21,4076.699951171875,5.008500099182129
2025-11-24,4091.89990234375,4.961999893188477
2025-11-25,4139.2001953125,4.999499797821045
2025-11-26,4165.2001953125,5.104499816894531
2025-11-28,4218.2998046875,5.185500144958496
2025-12-01,4239.2998046875,5.218999862670898
2025-12-02,4186.60009765625,5.160999774932861
2025-12-03,4199.2998046875,5.308000087738037
2025-12-04,4211.7998046875,5.291500091552734
2025-12-05,4212.89990234375,5.381999969482422
2025-12-08,4187.2001953125,5.364500045776367
2025-12-09,4206.7001953125,5.240499973297119
2025-12-10,4196.39990234375,5.2754998207092285
2025-12-11,4285.5,5.427000045776367
2025-12-12,4300.10009765625,5.2835001945495605
2025-12-15,4306.7001953125,5.338500022888184
2025-12-16,4304.5,5.2870001792907715
2025-12-17,4347.5,5.363500118255615
2025-12-18,4339.5,5.366499900817871
2025-12-19,4361.39990234375,5.439499855041504
2025-12-22,4444.60009765625,5.4375
2025-12-23,4482.7998046875,5.47599983215332
2025-12-24,4480.60009765625,5.498499870300293
2025-12-26,4529.10009765625,5.766499996185303
2025-12-29,4325.10009765625,5.490499973297119
2025-12-30,4370.10009765625,5.727499961853027
2025-12-31,4325.60009765625,5.630000114440918
2026-01-02,4314.39990234375,5.639999866485596
2026-01-05,4436.89990234375,5.924499988555908
2026-01-06,4482.2001953125,6.010499954223633
2026-01-07,4449.2998046875,5.809000015258789
2026-01-08,4449.7001953125,5.746500015258789
2026-01-09,4490.2998046875,5.855500221252441
2026-01-12,4604.2998046875,5.985000133514404
2026-01-13,4589.2001953125,5.96999979019165
2026-01-14,4626.2998046875,6.008999824523926
2026-01-15,4616.2998046875,5.947999954223633
2026-01-16,4588.39990234375,5.78849983215332
2026-01-20,4759.60009765625,5.7729997634887695
2026-01-21,4831.7998046875,5.729499816894531
2026-01-22,4908.7998046875,5.742499828338623
2026-01-23,4976.2001953125,5.910999774932861
2026-01-26,5079.7001953125,5.984000205993652
2026-01-27,5079.89990234375,5.828499794006348
2026-01-28,5301.60009765625,5.892499923706055
2026-01-29,5318.39990234375,6.17549991607666
2026-01-30,4713.89990234375,5.896999835968018
2026-02-02,4622.5,5.801499843597412
2026-02-03,4955.7998046875,6.041500091552734
