pool_id,project,project_name,chain,symbol,tvl_usd,current_apy,apy_base,apy_reward,stablecoin
747c1d2a-c668-4682-b9f9-296708a3dd90,lido,Lido,Ethereum,STETH,25675365985,2.531,2.531,,False
db678df9-3281-4bc2-a8bb-01160ffd6d48,aave-v3,Aave V3,Ethereum,WEETH,6621094096,0.0002,0.0002,,False
d8c4eff5-c8a9-46fc-a888-057c4c668e72,sky-lending,Sky Lending,Ethereum,SUSDS,4393280572,4,,,True
d4b3c522-6127-4b89-bedf-83641cdcd2eb,rocket-pool,Rocket Pool,Ethereum,RETH,3959468588,2.26123,2.26123,,False
e6435aae-cbe9-4d26-ab2c-a4d533db9972,aave-v3,Aave V3,Ethereum,WSTETH,3819861503,0.00989,0.00989,,False
7e382157-b1bc-406d-b17b-facba43b716e,aave-v3,Aave V3,Ethereum,WBTC,3705323850,0.00665,0.00665,,False
e880e828-ca59-4ec6-8d4f-27182a4dc23d,aave-v3,Aave V3,Ethereum,WETH,2461977923,1.25826,1.25826,,False
f981a304-bb6c-45b8-b0c5-fd2f515ad23a,aave-v3,Aave V3,Ethereum,USDT,2208570850,2.38103,2.38103,,True
b1986007-81f3-4150-9565-94d5a4066ce4,aave-v3,Aave V3,Ethereum,CBBTC,1774017740,0.00195,0.00195,,False
0e7d0722-9054-4907-8593-567b353c0900,jito-liquid-staking,Jito LST,Solana,JITOSOL,1754143577,5.6,5.6,,False
aa70268e-4b52-42bf-a116-608b370f9501,aave-v3,Aave V3,Ethereum,USDC,1136602119,3.11026,3.11026,,True
51d2f8d4-1fb5-4f6b-938b-e9cd17ca1ceb,sky-lending,Sky Lending,Ethereum,WETH,988886495,0,,,False
29932dea-cd71-44c3-95bd-3e1525f4e3dd,aave-v3,Aave V3,Ethereum,SUSDE,782384403,0,0,,True
54600482-cfb9-4dd9-a73b-342cffd4644a,sky-lending,Sky Lending,Ethereum,WETH,743066556,0,,,False
e043585f-923f-4009-934f-005232f34a27,aave-v3,Aave V3,Ethereum,OSETH,460818554,0,0,,False
d3be212c-f337-40e2-87fc-fb636a3de38f,aave-v3,Aave V3,Ethereum,RSETH,448859189,0,0,,False
c1ca08e4-d618-415e-ad63-fcec58705469,compound-v3,Compound V3,Ethereum,WBTC,431773335,0,,,False
85fc6934-c94d-4ebe-9c60-66beb363669f,aave-v3,Aave V3,Ethereum,RLUSD,400009223,0.95202,0.95202,,True
eaece65e-ffb2-4631-a95e-7f267cb2f1ba,kamino-lend,Kamino Lend,Solana,PYUSD,361911592,0.42804,0.42804,,True
d541708e-1283-4feb-bc7a-457fc5f8db2c,aave-v3,Aave V3,Ethereum,WSTETH,351764212,0.03412,0.03412,,False
ccc467d1-bdf5-4062-81cd-7aed7dd9050b,sky-lending,Sky Lending,Ethereum,WSTETH,331720620,0,,,False
21e1ac8a-b3aa-4576-9506-0b40137721a0,aave-v3,Aave V3,Ethereum,USDE,329787507,1.56566,1.56566,,True
8050b953-0e00-4658-9cad-af0647185a6b,aave-v3,Aave V3,Ethereum,PT-SUSDE-5FEB2026,313677801,0,0,,False
c8a24fee-ec00-4f38-86c0-9f6daebc4225,sky-lending,Sky Lending,Ethereum,DAI,284385709,1.25,,,True
89bc7c4c-d71c-435c-ab28-56c803d51320,aave-v3,Aave V3,Base,CBBTC,281306722,0.05043,0.05043,,False
b7444791-ecab-4bc4-85dc-9eb351064d98,aave-v3,Aave V3,Ethereum,LBTC,272866942,0,0,,False
ff2a68af-030c-4697-b0a1-b62a738eaef0,aave-v3,Aave V3,Ethereum,SGHO,262076160,5.30955,,,True
3df9ffeb-8c72-438c-a9ae-026488d8f2b2,aave-v3,Aave V3,Arbitrum,WEETH,247613599,2e-05,2e-05,,False
f0131970-afac-4835-b22c-520f192e01d5,aave-v3,Aave V3,Base,WEETH,246654075,4e-05,4e-05,,False
9afa50b4-4cc0-43b8-914a-34d17066a3b6,aave-v3,Aave V3,Arbitrum,RSETH,238968509,0,0,,False
7c5e69a4-2430-4fa2-b7cb-857f79d7d1bf,aave-v3,Aave V3,Arbitrum,WBTC,214648198,0.02818,0.02818,,False
f8971721-005b-4a8f-b743-584a30d362a9,curve-dex,Curve,Ethereum,CRVUSD-CBBTC,205454775,0,0,0,False
1da10c92-fd2e-4506-a4d1-8c8fa22ff744,kamino-lend,Kamino Lend,Solana,JITOSOL,202748952,9e-05,9e-05,,False
e705187b-da56-463d-a429-4e17bfb7e0d4,kamino-lend,Kamino Lend,Solana,JUPSOL,193479082,3e-05,3e-05,,False
7ee6c38b-ac42-4388-88dc-389140276cf8,aave-v3,Aave V3,Ethereum,AAVE,187747883,0,0,,False
b847133f-f5d5-4692-b74e-d815d51988fc,aave-v3,Aave V3,Ethereum,LINK,169557185,0.01634,0.01634,,False
25171c4c-1877-449a-9f88-45a9f153ee31,curve-dex,Curve,Ethereum,DAI-USDC-USDT,167254449,8e-05,0,8e-05,True
a79fdd93-2747-43ee-bf53-0c372192964d,aave-v3,Aave V3,Ethereum,SYRUPUSDT,166184584,0,0,,True
1accaa9f-f4fa-4063-9502-1733ed8e4832,kamino-lend,Kamino Lend,Solana,DSOL,162877280,0,0,,True
d118f505-e75f-4152-bad3-49a2dc7482bf,aave-v3,Aave V3,Ethereum,PYUSD,161221748,1.9657,1.9657,,True
d2141a59-c199-4be7-8d4b-c8223954836b,kamino-lend,Kamino Lend,Solana,USDC,159422183,2.49033,2.49033,,True
c4f1e434-3386-4f48-b0ac-dc89782dfa55,aave-v3,Aave V3,Ethereum,TBTC,146476124,0.00228,0.00228,,False
3c39fe6d-1c5c-4346-ad45-5ad28548d91b,aave-v3,Aave V3,Ethereum,PT-USDE-5FEB2026,144809941,0,0,,False
072f6554-daa7-4708-80ba-371b896a89db,compound-v3,Compound V3,Ethereum,WETH,143172978,0,,,False
57d30b9c-fc66-4ac2-b666-69ad5f410cce,curve-dex,Curve,Ethereum,ETH-STETH,131179843,1.35,1.35,0,False
ec8af777-6c9e-440a-9a3d-355f556baa04,kamino-lend,Kamino Lend,Solana,CBBTC,118112773,0.00048,0.00048,,False
f1a22245-a1f1-4389-8ff2-dde4914b272d,aave-v3,Aave V3,Ethereum,RETH,116416874,2e-05,2e-05,,False
7a950566-436e-4399-9e32-e92260a3e42d,aave-v3,Aave V3,Ethereum,TETH,113047301,0,0,,False
d2fa07c7-dd34-4d97-bc85-02a3425e25f4,compound-v3,Compound V3,Ethereum,RSETH,112825628,0,,,False
fa55aa2b-e244-4ce4-ab00-9e96b39df32b,euler-v2,Euler V2,Ethereum,PYUSD,108102023,8.4185,1.84324,6.57526,True
e62bcb01-ed4c-4ec9-8cfa-e86e7ccf7688,aave-v3,Aave V3,Arbitrum,WSTETH,104863915,0.00026,0.00026,,False
21320dfc-69d0-40c7-a224-7bead1fb576e,aave-v3,Aave V3,Arbitrum,EZETH,103758569,0,0,,False
7107ba03-3c1e-407c-a98c-8d298f6f06f0,curve-dex,Curve,Ethereum,CRVUSD-WBTC,102888237,0.01,0.01,0,False
0827aa12-5831-47f0-b5ba-549294a2032b,compound-v3,Compound V3,Ethereum,WBTC,102761489,0,,,False
66bbe7c0-f052-4d63-9d0f-2a47e283d3cd,curve-dex,Curve,Ethereum,PYUSD-USDS,99993449,0.04,0.04,0,True
0208091c-ac2f-4918-9807-82c721142905,curve-dex,Curve,Ethereum,CRVUSD-TBTC,99875926,0.01,0.01,0,False
73e933a7-73b2-43ec-b1e9-d5d1d42ce2de,euler-v2,Euler V2,Ethereum,RLUSD,96589010,8.40405,1.40405,7,True
23405eee-97e7-4b8e-8625-19c3a36047e8,aave-v3,Aave V3,Base,WETH,92694707,1.19337,1.19337,,False
23676f13-f8c7-4865-ae69-e757395828ee,kamino-lend,Kamino Lend,Solana,MSOL,91860717,0.00025,0.00025,,False
90a3e412-e3be-47e1-a233-fd3760f4a794,curve-dex,Curve,Ethereum,USDT-CRVUSD,89850020,3.33991,0.03,3.30991,True
007d03bd-4987-4b3b-b7d2-2f3af42fa4b4,compound-v3,Compound V3,Ethereum,WSTETH,88967629,0,,,False
43a38685-aa22-4d99-9c2f-bd34a980de01,pendle,Pendle,Arbitrum,SUSDAI,87371224,9.70289,8.91172,0.79117,True
fe5cdef6-e8ca-4b13-b2a2-6d66b97a9ffd,pendle,Pendle,Arbitrum,SUSDAI,87371224,13.63683,13.63683,,True
525b2dab-ea6a-4cbc-a07f-84ce561d1f83,kamino-lend,Kamino Lend,Solana,SOL,84369441,3.12563,3.12563,,False
361f0a3c-6adb-4b1c-bf35-f9cd79f2341c,aave-v3,Aave V3,Base,WSTETH,84284555,0.00318,0.00318,,False
8a3a7995-73b3-4e25-8b5c-82a8841bf720,curve-dex,Curve,Ethereum,DOLA-SUSDE,83353534,3.98599,1.62,2.36599,True
7e0661bf-8cf3-45e6-9424-31916d4c7b84,aave-v3,Aave V3,Base,USDC,83203185,4.1922,4.1922,,True
c47eea82-1e3d-4b66-8777-278b8db1dd77,compound-v3,Compound V3,Ethereum,WSTETH,83081980,0,,,False
e91e23af-9099-45d9-8ba5-ea5b4638e453,curve-dex,Curve,Ethereum,USDC-RLUSD,81650177,6.1272,0.02,6.1072,True
ac545f82-305e-4995-8963-f27fa94924f6,pendle,Pendle,Arbitrum,USDAI,80210185,8.42405,8.42405,,True
1f04d9a8-b6c1-4c1c-8660-c83852644f8a,pendle,Pendle,Arbitrum,USDAI,80210185,1.50433,1.27226,0.23207,True
d9fa8e14-0447-4207-9ae8-7810199dfa1f,aave-v3,Aave V3,Arbitrum,USDC,79828797,2.95814,2.95814,,True
12ca9565-0369-404e-b209-631305e4012a,curve-dex,Curve,Ethereum,FRAX-USDE,74808124,1.58503,0,1.58503,True
51eb4b5c-6d62-42fe-99d6-92ba6eecd2d5,sky-lending,Sky Lending,Ethereum,WSTETH,72830764,0,,,False
077b47b8-76c9-4081-97f2-9ca43ebdbaa0,curve-dex,Curve,Ethereum,OETH-WETH,72540878,1.17487,0,1.17487,False
3ebae7dd-d7b6-4406-a6a8-032aa23502ad,compound-v3,Compound V3,Ethereum,EZETH,70615054,0,,,False
e302de4d-952e-4e18-9749-0a9dc86e98bc,aave-v3,Aave V3,Arbitrum,WETH,65830175,1.8465,1.8465,,False
3027aa48-eb86-4b6c-9ddc-9c492e178d6b,curve-dex,Curve,Ethereum,SUSDS-STUSDS,63086561,3.21316,0,3.21316,True
c24f5e4d-ff3a-47a9-ae26-96bd5d02f7e0,aave-v3,Aave V3,Ethereum,EZETH,60983013,0,0,,False
4be785fa-1b2e-44fa-a56e-16a0c2148eba,kamino-lend,Kamino Lend,Solana,VSOL,58180536,0,0,,False
baee0253-eb6e-4a08-a579-a2acd4f034b2,aave-v3,Aave V3,Ethereum,USDTB,51523324,1.38475,1.38475,,True
6f74baf2-48f3-4e4a-ad67-5c056f37e4fa,curve-dex,Curve,Ethereum,SUSDS-USDT,50018147,0.51,0.51,0,True
e65588a1-27ad-4e20-9232-68a6cfaccf63,aave-v3,Aave V3,Ethereum,USDS,47529043,0.93181,0.93181,,True
f38a1e55-ee6a-427c-83b5-74232e1b2c24,sky-lending,Sky Lending,Ethereum,G-UNI,46175372,0,,,False
c1cddd25-8e71-4da9-9630-a1858fae4868,pendle,Pendle,Ethereum,SUSDE,45511677,5.08936,4.43261,0.65675,True
54d98142-75b8-4e8d-95de-5ce48679fc72,pendle,Pendle,Ethereum,SUSDE,45511677,5.13363,5.13363,,True
94657e4e-5345-48f0-9132-f7a709e2021e,compound-v3,Compound V3,Ethereum,WETH,45299113,0,,,False
3665ee7e-6c5d-49d9-abb7-c47ab5d9d4ac,aave-v3,Aave V3,Ethereum,DAI,45022175,2.44879,2.44879,,True
86435226-80a3-422a-9838-70ab4a6e7bb7,pendle,Pendle,Ethereum,NUSD,43750597,1.5666,1.4703,0.0963,True
5fac34de-a37b-4e25-9370-7655b64093e2,pendle,Pendle,Ethereum,NUSD,43750597,8.82238,8.82238,,True
3ddb0b11-e501-491d-85e4-8a50efc0bced,aave-v3,Aave V3,Ethereum,EBTC,43360231,0,0,,False
7da72d09-56ca-4ec5-a45f-59114353e487,compound-v3,Compound V3,Ethereum,USDC,42456417,3.51716,3.35798,0.15917,True
1b14dd3c-5708-4903-acbf-b84f2f378a8b,curve-dex,Curve,Ethereum,DOLA-WSTUSR,42211150,3.7606,1.11,2.6506,True
a7bc7803-51ac-4942-9dfc-a1702b7a3fdf,kamino-lend,Kamino Lend,Solana,DFDVSOL,41402785,0,0,,True
5faf730e-2c79-45a2-9459-fbcd185abf18,curve-dex,Curve,Ethereum,USDC-CRVUSD,40745682,3.20726,0.05,3.15726,True
30d7bddf-9c7b-4495-a34a-e8d4ab1ff5c3,aave-v3,Aave V3,Ethereum,ETHX,39033072,0,0,,False
1367b9ac-2b34-463e-8dd9-cbe4fb2257bb,aave-v3,Aave V3,Ethereum,FBTC,38753808,0.00015,0.00015,,False
08eaf098-4957-4922-bfca-cc0c46505a43,curve-dex,Curve,Ethereum,ETH-STETH,36539171,1.38656,1.38,0.00656,False
806daaf5-8b0d-43a3-8d45-bf240f7b4645,pendle,Pendle,Ethereum,SRUSDE,36222419,3.6943,3.37222,0.32208,True
fb6100de-5dbd-4a1f-9cd4-f0ecea8fe980,pendle,Pendle,Ethereum,SRUSDE,36222419,6.91507,6.91507,,True
cfa46afc-eb9c-4ff5-8e35-e6e1feaea974,curve-dex,Curve,Ethereum,FRXUSD-CRVUSD,35658182,4.20577,0.06,4.14577,True
b7da3156-3157-422f-8163-cb4dd0f182d3,curve-dex,Curve,Ethereum,USDS-STUSDS,35545742,9.63041,3.86,5.77041,True
3a6cc030-738d-4e19-8a40-e63e9c4d5a6f,aave-v3,Aave V3,Arbitrum,USD₮0,35243005,2.43348,2.43348,,True
bd99ea12-7e48-4111-83ee-a0c42eef4bd2,compound-v3,Compound V3,Ethereum,WEETH,32721628,0,,,False
5580410c-7b2f-4481-9556-ff4a87646570,compound-v3,Compound V3,Ethereum,CBBTC,32205480,0,,,False
8ff38e70-94c5-4500-b01a-cfc5a3b4361c,pendle,Pendle,Ethereum,CUSD,30640057,2.61707,1.41439,1.20268,True
8a41d352-15c4-4a89-9369-74fe03912e07,pendle,Pendle,Ethereum,CUSD,30640057,8.28965,8.28965,,True
14681aee-05c9-4733-acd0-7b2c84616209,curve-dex,Curve,Ethereum,PYUSD-USDC,30115950,4.65667,0.03,4.62667,True
25a745d7-749f-4a70-9b94-543351cce638,compound-v3,Compound V3,Ethereum,WEETH,30005117,0,,,False
85c57261-b75b-4447-a115-d79b1a7de8ed,compound-v3,Compound V3,Ethereum,ETH,29008213,1.92219,1.87869,0.0435,False
ef064741-6170-4e8b-8c5c-885059ab9072,pendle,Pendle,Ethereum,SNUSD,27468104,13.61442,13.08353,0.53089,True
4b1a1868-5852-42bd-9d0d-e9b09c20d51e,pendle,Pendle,Ethereum,SNUSD,27468104,13.35167,13.35167,,True
0ba9d450-b306-4889-85ed-83dfca983e60,compound-v3,Compound V3,Arbitrum,WBTC,27108730,0,,,False
0fde8996-ecdf-441c-94a9-ec67403e9b8c,euler-v2,Euler V2,Ethereum,USDC,27086795,4.90499,4.90499,,True
019b43fe-bcaf-4336-ad9d-5f1dcebf03cb,kamino-lend,Kamino Lend,Solana,CGNTSOL,26521234,0,0,,False
c998e615-aa51-4a1e-9a25-addfeee4d1f0,compound-v3,Compound V3,Ethereum,TBTC,25052261,0,,,False
bd335b46-3daf-4507-adb2-6fd4337ea33b,sky-lending,Sky Lending,Ethereum,WBTC,25046082,0,,,False
ef8c5c38-6a41-4383-9dc8-6fb31e69a0c9,aave-v3,Aave V3,Ethereum,WETH,24970409,1.5232,1.5232,,False
3388eabd-fc53-49bf-b358-d1a6dc3c6112,curve-dex,Curve,Ethereum,USDC-USDF,24517982,1.33609,0.01,1.32609,True
ef1ca885-ebf8-48c9-aab1-e6c5bcf26051,compound-v3,Compound V3,Ethereum,TBTC,24228583,0,,,False
31a0cd94-b781-4e0d-a9f1-1702bc2c238f,euler-v2,Euler V2,Ethereum,USDC,22560593,4.58064,4.58064,,True
3c2762d6-9c06-4a42-b098-40f9f885ae02,curve-dex,Curve,Ethereum,USDT-WBTC-WETH,21720224,1.25877,0.12,1.13877,False
991df258-b474-4a40-8482-acf080e8ab39,curve-dex,Curve,Ethereum,STETH-FRXETH,20409905,1.03364,0.76,0.27364,False
9837ed71-8e5e-45c4-a56d-54d738a1cb1e,kamino-lend,Kamino Lend,Solana,BSOL,20370200,0.00661,0.00661,,False
7c7ee514-0633-4877-84a3-456bb580e87d,pendle,Pendle,Ethereum,SUSDF,20178998,7.59455,7.51151,0.08304,True
d0d0021e-5e1c-4ef3-88b7-9084d78e4d82,pendle,Pendle,Ethereum,SUSDF,20178998,8.89458,8.89458,,True
a334a33e-4e77-433d-8221-1fa6316eaac1,compound-v3,Compound V3,Arbitrum,WBTC,20092678,0,,,False
fa91389d-ab0f-43e5-8921-9c9a462d97d2,curve-dex,Curve,Ethereum,USDC-USDTB,20007217,0.15,0.15,0,True
419f5780-5fa6-4e32-bd34-7b8a9ed35646,kamino-lend,Kamino Lend,Solana,BONKSOL,19977572,0,0,,False
ca969cae-bbcb-4cd7-985e-be4df9815e15,compound-v3,Compound V3,Ethereum,WSTETH,19948335,0,,,False
44c94cb2-8af3-4b7a-8cb5-0784ddcf3471,sky-lending,Sky Lending,Ethereum,WETH,19747428,0,,,False
bdcf8682-1d72-42a7-b23e-f56d666dd10e,aave-v3,Aave V3,Ethereum,EURC,19628159,2.61443,2.61443,,True
ebe53ee0-db95-478e-8476-b8aa420be700,compound-v3,Compound V3,Ethereum,WEETH,19326748,0,,,False
f4d5b566-e815-4ca2-bb07-7bcd8bc797f1,compound-v3,Compound V3,Ethereum,USDT,19302131,3.59133,3.23689,0.35444,True
fb6676ba-0a45-44c8-86f6-63956956ebe1,curve-dex,Curve,Ethereum,MIM-3CRV,19102187,4.85993,0,4.85993,False
536cec6f-8ec2-4909-b393-69e67c3f056f,pendle,Pendle,Ethereum,STCUSD,18509610,7.69575,7.69575,,True
34f5285a-da69-405e-bbfc-1b7c7dde12a2,pendle,Pendle,Ethereum,STCUSD,18509610,6.22179,5.86164,0.36016,True
6652ed18-d327-46cd-9bac-08e0e14ea715,aave-v3,Aave V3,Base,EURC,18288697,1.20475,1.20475,,True
fdf02dc0-c38d-4850-8d61-74668d281325,aave-v3,Aave V3,Ethereum,CBETH,18247907,0.00108,0.00108,,False
4531ccea-f0fc-44f4-bf9f-e5e0a2e33505,pendle,Pendle,Ethereum,CUSDO,17891525,4.51464,4.51464,,True
b2ebf3c0-a173-4d61-959b-23405b7d4edb,pendle,Pendle,Ethereum,CUSDO,17891525,3.79838,3.68961,0.10877,True
fcb7faba-4506-49f8-aa8f-9124018eb6c2,kamino-lend,Kamino Lend,Solana,XBTC,17683413,0.00013,0.00013,,False
d12ccad8-5e29-4a29-b956-3077fd512a09,curve-dex,Curve,Ethereum,USDC-DUSD,17262284,0,0,0,True
fa36ea14-cfb0-4f04-853f-366b22f0d887,kamino-lend,Kamino Lend,Solana,USDS,16765617,1.00103,1.00103,,True
5c4940c7-c193-440d-b95e-9148d017e12c,curve-dex,Curve,Ethereum,REUSD-SCRVUSD,16432715,3.93704,0.37,3.56704,True
e7fe034b-6f68-4a8f-9cef-bab9bcd051e1,curve-dex,Curve,Ethereum,OSETH-RETH,16256654,2.37,2.37,0,False
43644487-e26c-450c-8bcb-fb10c1e512e0,aave-v3,Aave V3,Arbitrum,LINK,16103610,0.00534,0.00534,,False
f5ee25d0-d52d-4bf3-a3f9-515f018103c0,curve-dex,Curve,Ethereum,ETH+-WETH,15922317,4.65135,3.41,1.24135,False
747e43ae-940f-430b-a216-251d5949b27e,curve-dex,Curve,Ethereum,WETH-WEETH,15532531,2.77694,2.24,0.53694,False
a323a51b-a18e-4821-99b8-489396913454,pendle,Pendle,Arbitrum,THBILL,15468933,8.01053,8.01053,,False
3b845582-8ddc-441c-9011-5b3bcc3f5f6b,pendle,Pendle,Arbitrum,THBILL,15468933,4.78303,3.91181,0.87122,False
4c29fa57-dec3-4977-ac87-805b0833235c,curve-dex,Curve,Ethereum,USDC-WBTC-WETH,15210444,2.08195,0.63,1.45195,False
752eec4e-a6fd-4144-a118-eede17993ca2,pendle,Pendle,Ethereum,DUSD,14961329,8.54691,8.54691,,True
6ee0a53a-2337-4fed-af76-77705cf719c5,pendle,Pendle,Ethereum,DUSD,14961329,3.90869,3.506,0.40269,True
ea839dc0-c384-4e84-abfb-1613a5b1f095,pendle,Pendle,Base,UNIBTC,14910932,5.52746,0.52863,4.99883,False
3f68b27a-0f35-4989-956f-b8aebead790a,pendle,Pendle,Base,UNIBTC,14910932,0.98888,0.98888,,False
4257ff95-e25c-4340-885d-8ad87c41481b,curve-dex,Curve,Ethereum,MSETH-WETH,13824273,5.23743,0.06,5.17743,False
687ff491-127b-4064-90cf-df9f6e89f082,curve-dex,Curve,Arbitrum,USDAI-USDC,13452065,0.39,0.39,0,True
7bbfcf1d-72e7-43b9-9fa2-68d7c94bd4fa,kamino-lend,Kamino Lend,Solana,PSOL,13393469,8e-05,8e-05,,False
3dadbe45-e87f-43a5-820a-20c908bef612,curve-dex,Curve,Ethereum,WBTC-TBTC,13299270,0.27573,0.15,0.12573,False
9e4dbe67-f5fc-4428-8e6f-93d464f40a0d,curve-dex,Curve,Ethereum,USDT-WBTC-WETH,13102610,0.67895,0.66,0.01895,False
7d954b46-a2e9-461c-b1e3-f1e0cdd05c65,kamino-lend,Kamino Lend,Solana,FWDSOL,12977381,0,0,,True
dfdd4d21-03ab-437a-b118-a34944423054,kamino-lend,Kamino Lend,Solana,LAINESOL,12927007,0,0,,False
974c8391-3686-4fc9-8477-9df4b618b594,aave-v3,Aave V3,Ethereum,EZETH,12905006,0,0,,False
bcc046f9-d980-40d9-80b2-5d5ae5931131,curve-dex,Curve,Ethereum,USDC-FXUSD,12859697,0.14833,0.12,0.02833,True
9e60948f-e16f-4e07-9311-759f81bcc78e,compound-v3,Compound V3,Base,CBBTC,12749037,0,,,False
05b39877-c068-450b-bd0c-cc6e47886aa7,compound-v3,Compound V3,Arbitrum,WSTETH,12472766,0,,,False
08d1f13b-5d65-42c5-863d-fcb447dcea75,curve-dex,Curve,Ethereum,CUSDO-USDC,12426996,2.19,2.19,0,True
7619ddc5-29c3-4d65-b15e-9fb7abf0da88,curve-dex,Curve,Ethereum,ALETH-FRXETH,12247445,3.10172,0.02,3.08172,False
02c7722b-dfd6-415b-8292-01dddb88c6fc,pendle,Pendle,Ethereum,REUSD,12145396,10.58979,10.58979,,True
cca4dedb-569c-49ab-b053-d48d8d41dfd4,pendle,Pendle,Ethereum,REUSD,12145396,9.72892,8.05837,1.67054,True
54470a44-22f4-4508-bbbb-2d8e2770ab77,aave-v3,Aave V3,Base,CBETH,12115549,0.06092,0.06092,,False
5455e498-1ca6-4f36-80f4-cf6a2f977c51,curve-dex,Curve,Ethereum,WETH-FRXETH,12111651,0.45136,0.01,0.44136,False
836e7def-cb99-46f6-8e22-1056a81e4040,curve-dex,Curve,Ethereum,LUSD-3CRV,11921450,0.04299,0.02,0.02299,False
44f3b90e-c4f2-49ea-87bb-87046756cdf1,curve-dex,Curve,Ethereum,WBTC-UNIBTC,11773913,1.0328,0.01,1.0228,False
aa1fc20e-c4b6-4fa3-bcba-c9b8fd12cfe5,curve-dex,Curve,Ethereum,SFRXUSD-FRXUSD,11697677,3.23984,3.05,0.18984,True
4e323c4c-9063-4635-aa34-f67cbe5ed456,pendle,Pendle,Ethereum,DETH,11670037,1.94913,1.80929,0.13985,True
b14fdc9c-e122-41c4-a99f-20e1390f2ef3,pendle,Pendle,Ethereum,DETH,11670037,4.85316,4.85316,,True
bc58a174-05f8-4e41-8f77-be9c13a614bf,curve-dex,Curve,Ethereum,USD0-BUSD0,11440255,0,0,0,True
7aca1804-b8fa-45e5-8a8d-7516ec62ef39,pendle,Pendle,Ethereum,JRUSDE,11280460,13.67209,13.25801,0.41408,True
a948bde2-6f17-4b0b-9f76-c184b11b9618,pendle,Pendle,Ethereum,JRUSDE,11280460,13.2898,13.2898,,True
8853bad8-3bf9-43bc-8f38-723f6bae22f6,pendle,Pendle,Ethereum,USD(MIDASMHYPER),11092230,10.24338,10.24338,,True
7c8e195c-ed31-439c-b236-901796794d41,pendle,Pendle,Ethereum,USD(MIDASMHYPER),11092230,8.27929,7.67615,0.60315,True
62ca653d-a58c-4363-9ffb-b6ceea56a712,curve-dex,Curve,Ethereum,MSUSD-FRAXBP,11067519,8.34262,0.02,8.32262,True
3f6aa14f-eb0c-4738-bf74-8bc666f7d2b1,curve-dex,Curve,Ethereum,FRAX-USDC,10913392,2.32142,0.03,2.29142,True
e3f861c0-c2b9-4b50-b799-a036a3f11da1,curve-dex,Curve,Ethereum,ADAI-AUSDC-AUSDT,10618686,0.46,0.46,0,True
72361ac8-c4e3-463b-8298-fd7bfbe41769,pendle,Pendle,Ethereum,IUSD,10609835,6.39438,6.39438,,True
5b9eaa05-51fc-422c-9a42-063aab691042,pendle,Pendle,Ethereum,IUSD,10609835,1.14712,0.90975,0.23736,True
3cf5b14b-d922-48cd-a6c6-b39127e18b50,curve-dex,Curve,Ethereum,WETH-DETH,10404765,0.64,0.64,0,False
1b91b7d4-0438-41ee-8224-41adba87422d,sky-lending,Sky Lending,Ethereum,G-UNI,10198806,0,,,False
0e289cf3-fee2-43fc-b387-ae7a20cfaf07,compound-v3,Compound V3,Arbitrum,WETH,10062166,0,,,False
49585253-1f0d-46df-9284-6ece1880fbef,aave-v3,Aave V3,Ethereum,XAUT,9801697,0,0,,False
4fbc98be-3a49-420e-86c0-bf783b6ddc4c,curve-dex,Curve,Ethereum,NUSD-USDC,9413106,0.05,0.05,0,True
38160634-07f7-4dcd-a26e-0e0d27ef5a1b,curve-dex,Curve,Ethereum,CRV-CVXCRV,9331486,11.64621,0.51,11.13621,False
ea8d9aa8-46ae-4447-a192-74515706a575,aave-v3,Aave V3,Arbitrum,ARB,9268226,0.08937,0.08937,,False
03f97f6b-3e17-4ccd-8687-0b3f736441b3,compound-v3,Compound V3,Arbitrum,WSTETH,9266344,0,,,False
d22deafb-dbb1-417c-b555-cc8c9f4b955a,curve-dex,Curve,Ethereum,SDAI-SUSDE,8949831,3.47,3.47,0,True
7b7b5a36-4b24-4bec-ac2f-6027cb11730a,pendle,Pendle,Ethereum,TETH,8646928,3.12993,3.10872,0.02121,False
0ccfb38c-cd84-4c16-ac96-e8f96a0444d5,pendle,Pendle,Ethereum,TETH,8646928,4.40796,4.40796,,False
3b6ebb7e-6f2a-4c19-aadb-1c89625e5a08,aave-v3,Aave V3,Ethereum,TETH,8627851,0,0,,False
71a56b67-3123-4820-a30f-fac238de441c,curve-dex,Curve,Ethereum,ALUSD-FRAXBP,8550401,4.75523,0.02,4.73523,True
a4096510-2caa-4629-a577-9f3ebd29ce1e,euler-v2,Euler V2,Arbitrum,THBILL,8369164,2.11785,2.11785,,False
367f7910-672b-43e1-804b-c68d58caa927,curve-dex,Curve,Ethereum,USDG-USDC,8013045,0.1,0.1,0,True
32f5f0c5-a8cf-465a-aa3e-6a459f17f4c5,pendle,Pendle,Ethereum,USD3,7893189,4.84476,4.33667,0.50809,True
89c46065-d437-4b44-aebb-8f2fd342cf75,pendle,Pendle,Ethereum,USD3,7893189,12.97217,12.97217,,True
755529b5-fcf4-4ef0-a7c7-e4f49376706f,curve-dex,Curve,Ethereum,BOLD-USDC,7844701,0.57193,0.14,0.43193,True
be3c99af-82e5-4ffb-85b3-87dfda5a9196,aave-v3,Aave V3,Ethereum,PT-SUSDE-27NOV2025,7682864,0,0,,False
1f7d105b-9f30-425e-99af-59abfc8654c6,curve-dex,Curve,Arbitrum,LUAUSD-2CRV,7596445,0.02,0.02,0,False
39882aee-7fb3-45c2-a39d-9ee60ca09c9b,curve-dex,Curve,Ethereum,RUSDY-USDC,7507862,2.99,2.99,0,True
5eb84bc0-3c50-473c-adab-2ce33a3682e5,curve-dex,Curve,Ethereum,SUSD-SUSDE,7205627,0.4447,0.25,0.1947,True
0cdd7f84-711e-4cd4-916d-da318857559a,kamino-lend,Kamino Lend,Solana,USDG,7149722,5.00281,5.00281,,True
4e5fba01-93a0-481f-9514-052f7f250de8,curve-dex,Curve,Ethereum,CRVUSD-WETH-CRV,7051141,3.19801,0.71,2.48801,False
b36c0e1b-792f-4fee-8160-a0002c23e1d1,curve-dex,Curve,Ethereum,DOLA-SUSDS,7008214,3.98996,1.05,2.93996,True
eb127bda-eff3-4985-82b3-364ed96ad35d,kamino-lend,Kamino Lend,Solana,BBSOL,6998426,3e-05,3e-05,,False
361a79a4-b0aa-4d0f-91a3-7fd9712b8c66,curve-dex,Curve,Ethereum,TBTC-CBBTC,6815874,1.41416,0.19,1.22416,False
d62e6a1e-eb4b-4b22-a919-322a33fba89f,curve-dex,Curve,Ethereum,FRXUSD-SUSDS,6814870,2.64646,1.99,0.65646,True
5d6f216b-b9ae-414a-b1b3-3e0a6fed842f,pendle,Pendle,Ethereum,SENA,6800357,4.62129,3.84053,0.78076,False
02f1f3d0-4cca-4c17-ab40-5889b232e6f1,pendle,Pendle,Ethereum,SENA,6800357,16.4901,16.4901,,False
f194f422-b98a-4103-81d7-51bf6464d58b,curve-dex,Curve,Ethereum,CBBTC-WBTC,6794311,0.4755,0,0.4755,False
f0e556e4-1b7c-407c-a875-be94977b2955,pendle,Pendle,Ethereum,RSWETH,6793675,4.26623,4.19479,0.07144,False
5d396bc0-3e69-4003-8b23-527d9329bdaa,pendle,Pendle,Ethereum,RSWETH,6793675,3.08464,3.08464,,False
3e889559-f3f0-4f36-93e6-5e7d2b33ed99,curve-dex,Curve,Ethereum,WETH-CVX,6785429,8.15656,1.1,7.05656,False
4dab1166-614a-429a-831f-4af70fd29c7d,sky-lending,Sky Lending,Ethereum,WBTC,6737980,0,,,False
85247b13-8180-44e7-b38c-4d324cc68a92,compound-v3,Compound V3,Arbitrum,USDT,6647925,3.20323,2.58958,0.61365,True
5a046093-29fc-4ecb-b90e-daccda151b5b,curve-dex,Curve,Ethereum,ETH+-ETH,6490666,0.47804,0.05,0.42804,False
4e7fd7a4-4f10-421a-8ba0-0531b105bddb,compound-v3,Compound V3,Arbitrum,WETH,6218433,0,,,False
d9c395b9-00d0-4426-a6b3-572a6dd68e54,compound-v3,Compound V3,Arbitrum,USDC,6094422,3.51784,2.89591,0.62193,True
247badef-51c2-4f50-b484-9d39226b4a4c,aave-v3,Aave V3,Base,LBTC,6092779,0,0,,False
92d8447d-f8fa-4862-889c-7defd260b9dc,curve-dex,Curve,Ethereum,ALETH-WETH,6056073,1.90212,0.01,1.89212,False
d83facac-3757-4b19-a84c-f3c0850dfe2a,compound-v3,Compound V3,Base,WETH,6036525,0,,,False
07a8902d-084b-4bd2-98b5-cc348effc251,pendle,Pendle,Arbitrum,MPENDLE,5996470,27.84103,19.38183,8.45921,True
ef8940da-0d25-4229-a62f-1391d09025ad,pendle,Pendle,Arbitrum,MPENDLE,5996470,17.30392,17.30392,,True
4d4dced7-a1a4-43ab-a180-65868de19214,pendle,Pendle,Ethereum,SIUSD,5975601,6.39943,6.07334,0.32609,True
e0a95445-af3f-4012-ae9e-2d61cdc862c6,pendle,Pendle,Ethereum,SIUSD,5975601,7.40536,7.40536,,True
a32f1cfb-0706-416a-8557-a8215e6d1ad3,curve-dex,Curve,Ethereum,LINK-STLINK,5951174,4.81644,2.97,1.84644,False
54a73b0a-d1f0-4a82-9e9f-2a6520351527,curve-dex,Curve,Ethereum,FRXUSD-MSUSD,5928783,11.71193,0.04,11.67193,True
1158e728-ec4c-44e4-9345-0eb326862516,curve-dex,Curve,Ethereum,ETH-FRXETH,5893688,0.68979,0.02,0.66979,False
d1ca5a4d-262b-45bc-bade-e7d2f7f52e31,pendle,Pendle,Ethereum,USD(MIDASMAPOLLO),5830134,11.28711,11.28711,,True
62a37725-68d1-463a-b06c-e4816a988865,pendle,Pendle,Ethereum,USD(MIDASMAPOLLO),5830134,9.27522,8.24412,1.0311,True
24d52f63-cc2a-40a4-914d-6056f5e0f8ee,curve-dex,Curve,Arbitrum,SUSDAI-USDC,5801954,4.2,4.2,0,True
f4b334a3-1724-450f-b06f-4163e566a950,aave-v3,Aave V3,Ethereum,UNI,5639092,0.01474,0.01474,,False
3e4081dd-324d-4a46-8aba-01320ac68fa2,curve-dex,Curve,Ethereum,EUSD-USDC,5608072,3.89878,0.22,3.67878,True
334605f4-c559-4545-8819-5e123a3686fa,aave-v3,Aave V3,Ethereum,BAL,5413077,0.15305,0.15305,,False
f78f31b0-80ed-4504-bf89-74e0162e998f,curve-dex,Curve,Ethereum,ETH-ETHX,5370131,2.72911,1.57,1.15911,False
d1be45d6-eafe-4de5-9541-ca3340e8e234,kamino-lend,Kamino Lend,Solana,JLP,4784472,0,0,,False
f51d845a-6979-4ccb-b73f-4738a753dd85,euler-v2,Euler V2,Ethereum,WSTETH,4747594,0.00354,0.00354,,False
37f88d6e-6204-4397-bb1a-364317643133,curve-dex,Curve,Ethereum,TBTC-SBTCCRV,4716711,0.02,0.02,0,False
bbc66cf6-e4c1-459b-8d42-820ea4650352,pendle,Pendle,Ethereum,USD(MIDASMMEV),4673810,10.85209,10.85209,,True
e27d6bcf-e9a1-4ddc-8601-5a9531a0d9b7,pendle,Pendle,Ethereum,USD(MIDASMMEV),4673810,7.44898,7.29746,0.15152,True
656524d2-7cf6-4ed4-ab49-929053005759,curve-dex,Curve,Ethereum,UNIETH-FRXETH,4661199,2.1041,0.02,2.0841,False
9beef608-8e7b-455b-97a1-84247be6631d,curve-dex,Curve,Arbitrum,WBTC-TBTC,4629060,0.00015,0,0.00015,False
33c2163a-5ca4-4f9a-b2dc-598be8400c0f,curve-dex,Curve,Ethereum,WBTC-CBBTC-HEMIBTC,4614569,22.56231,0.53,22.03231,False
280bc035-0c3d-4148-99b7-1c43a8cf7a8b,curve-dex,Curve,Ethereum,OUSD-USDC,4577911,1.8661,0.01,1.8561,True
dcc24c76-7101-4e54-9574-323b8f85d14b,aave-v3,Aave V3,Arbitrum,AAVE,4469389,0,0,,False
4dbfda50-4474-4ef1-9f59-b5cf5ad7413c,curve-dex,Curve,Ethereum,USDC-EURS,4444123,0.36,0.36,0,True
1290c9f5-e71c-4152-b3e8-d5f2c120e2e9,kamino-lend,Kamino Lend,Solana,ETH,4312360,0.17162,0.17162,,False
191a9ce4-30ab-4c43-9cf9-f4aee0d59f18,pendle,Pendle,Arbitrum,STK-EPENDLE,4252092,27.35014,27.35014,,False
419a4595-3f38-4c87-9d7d-58f9180c173b,pendle,Pendle,Arbitrum,STK-EPENDLE,4252092,42.86298,39.22152,3.64146,False
ac3dd75f-33fa-4a70-b83a-101981cf8111,pendle,Pendle,Base,SKAITO,4203220,46.14593,46.14593,,False
01a47f88-5996-40a6-9a15-4c3c5eeb8e4c,pendle,Pendle,Base,SKAITO,4203220,28.42555,27.40392,1.02163,False
bddbe936-e0e3-4bb4-9ffc-f34717df1358,compound-v3,Compound V3,Ethereum,CBBTC,4137611,0,,,False
92710d25-ca4e-49b4-bbc2-355aa6b3460c,curve-dex,Curve,Ethereum,CRVUSD-TBTC-WSTETH,4137241,2.66343,1.01,1.65343,False
a7dc71cb-77cc-435c-b7bc-006651c6c1c0,curve-dex,Curve,Ethereum,FRAX-FRXUSD,4081697,0,0,0,True
f7746405-79d3-45d2-b758-c046d5610cd6,pendle,Pendle,Ethereum,HGETH,4072916,5.90189,5.90189,,False
da8090cd-c2d0-45ab-a3fd-bb736fe9072c,pendle,Pendle,Ethereum,HGETH,4072916,8.29809,7.86463,0.43346,False
3dde1458-2baa-4b83-a451-c81ac14c8dea,curve-dex,Curve,Ethereum,REUSD-SFRXUSD,4031974,6.80065,1.1,5.70065,True
e8dda16a-ad63-4925-b234-06861cff79c7,curve-dex,Curve,Ethereum,USDC-USDT,3998937,2.44387,0.11,2.33387,True
9932d2d8-1e4e-4248-9307-4f99c7e466a8,aave-v3,Aave V3,Ethereum,CRV,3943277,0.56304,0.56304,,False
37eafe79-0c75-4f95-8daa-3985e7958fe7,kamino-lend,Kamino Lend,Solana,LANTERNSOL,3786530,0,0,,True
3e543447-7ef2-4b86-acce-db92b1749995,kamino-lend,Kamino Lend,Solana,JSOL,3736236,2e-05,2e-05,,False
dab77475-487b-418e-bf9e-7fc337a51de1,curve-dex,Curve,Ethereum,XAUT-PAXG,3641860,0.29844,0.27,0.02844,False
43f6d30e-576d-413d-8c70-6c9d6907ac8c,curve-dex,Curve,Ethereum,SUSDE-SUSDS,3627817,4.25,4.25,0,True
d4cdd2fb-54bd-40fe-8093-e691ea0b291a,aave-v3,Aave V3,Arbitrum,RETH,3538714,0.00619,0.00619,,False
dfb9e904-b360-40a2-abd4-056da6c52af0,kamino-lend,Kamino Lend,Solana,STRONGSOL,3535982,0,0,,False
0877b39a-c1a8-4155-b5dc-082600fdc26e,curve-dex,Curve,Ethereum,SDOLA-ALUSD,3489815,5.8537,1.28,4.5737,True
5db0db4a-889f-49cd-9e95-57f169d42e73,pendle,Pendle,Ethereum,COREUSDC,3461556,8.49791,8.21923,0.27869,True
7e67246a-c6a8-42bb-99b1-6db77c139be5,pendle,Pendle,Ethereum,COREUSDC,3461556,8.49753,8.49753,,True
a8b451ca-36d4-4845-9811-e0f95eda4911,pendle,Pendle,Base,YOETH,3443586,4.65324,4.50339,0.14985,False
a6d3ef57-7fb0-4fe7-8b44-804053b6988f,pendle,Pendle,Base,YOETH,3443586,5.33136,5.33136,,False
d42327a5-a969-411a-8d8d-a8b771c20f99,curve-dex,Curve,Ethereum,SCRVUSD-SUSDS,3424066,3.28093,2.3,0.98093,True
51102e72-5b97-4b77-b0d4-6f8a94c8df05,pendle,Pendle,Ethereum,DBIT,3339622,1.34974,1.28611,0.06363,True
284c3ac9-24a5-4f5e-a0a6-c5b16d38529e,pendle,Pendle,Ethereum,DBIT,3339622,4.23712,4.23712,,True
cff6ce74-f1f1-47e9-9630-61f6e91f16c8,pendle,Pendle,Arbitrum,WEETH,3336279,2.74621,2.51936,0.22685,False
44592213-9be8-4186-9a11-0edcc6f83b85,pendle,Pendle,Arbitrum,WEETH,3336279,2.58334,2.58334,,False
4b179a19-7b56-4b0d-a876-95f89dba3ef9,curve-dex,Curve,Ethereum,PUFETH-WSTETH,3326285,0,0,0,False
eb53e5e3-9aa1-482e-9d02-0f283440f411,curve-dex,Curve,Ethereum,WBTC-DBIT,3299519,0,0,0,False
86b8d98a-2478-4bf8-86d9-a845f1e215ae,pendle,Pendle,Ethereum,WSTETH,3298758,2.17472,2.17472,,False
9b68a0d6-2c7f-4b18-b115-97d3ffbb2eb0,pendle,Pendle,Ethereum,WSTETH,3298758,3.35943,2.88258,0.47686,False
546b3c0c-138d-4190-b46b-efa1765f1dd3,kamino-lend,Kamino Lend,Solana,USDT,3250843,2.53354,2.53354,,True
a8241024-73c8-4a22-aeac-6c6320cd462a,pendle,Pendle,Arbitrum,RETH,3176802,2.4955,2.36247,0.13303,False
03ff6f62-14b0-4be8-8e8b-24e086ab196c,pendle,Pendle,Arbitrum,RETH,3176802,2.2586,2.2586,,False
28c0ad15-ecaf-4b14-8ad6-06ded47566b1,curve-dex,Curve,Ethereum,ETH+-EUSD-RSR,3154165,0.13,0.13,0,False
66329c23-3419-48cf-82ea-f0a058e899a4,pendle,Pendle,Ethereum,WSTETH,2959495,3.25986,3.18971,0.07015,False
97f2876b-d4f9-4d86-95fe-da16314c838c,pendle,Pendle,Ethereum,WSTETH,2959495,2.38197,2.38197,,False
0d6b4d03-fb91-4b6f-bd55-544e7aa71200,curve-dex,Curve,Ethereum,SCRVUSD-SUSDE,2912805,4.33477,3.04,1.29477,True
5bf41dd0-abb5-4921-8556-939ef41d85de,compound-v3,Compound V3,Ethereum,UNI,2900289,0,,,False
7993b97d-12c3-4a36-b6b6-5b37bac4f8ae,compound-v3,Compound V3,Base,WETH,2804839,1.72542,1.52102,0.2044,False
91d6ed2f-b69e-4d7b-8d56-ab3256fbe1f5,kamino-lend,Kamino Lend,Solana,CASH,2799535,4.53878,4.53878,,True
6e642655-9c87-4d5b-8237-f45cfd42a920,compound-v3,Compound V3,Arbitrum,WEETH,2765383,0,,,False
7803ce5b-53b3-4192-b855-8cb383e19050,compound-v3,Compound V3,Base,WSTETH,2740884,0,,,False
00a7c200-ad4e-4bb1-9c81-57edefe71925,curve-dex,Curve,Ethereum,PUFETH-WSTETH,2711399,0.55,0.55,0,False
f149645c-0ee4-4459-a175-c3c614e41e28,curve-dex,Curve,Ethereum,EBTC-WBTC,2686993,0,0,0,False
b1e79bb7-6137-43d4-ac96-694f9a1cfddd,curve-dex,Curve,Ethereum,GHO-CBBTC-WETH,2677966,6.38323,0.1,6.28323,False
44037889-7a8c-45f9-802b-ebd87ea2d8ca,compound-v3,Compound V3,Base,WSUPEROETHB,2660670,0,,,False
38ebbf7a-632b-40a6-ac1c-3685f7664bc5,compound-v3,Compound V3,Ethereum,COMP,2654759,0,,,False
efb25a57-ec51-4f74-9b2c-a1206bd69a93,compound-v3,Compound V3,Ethereum,COMP,2654754,0,,,False
7bae3517-56f1-4c65-8480-904030d70343,compound-v3,Compound V3,Base,CBETH,2640363,0,,,False
8d127fc6-13e8-4f03-a450-7eac4514239f,pendle,Pendle,Ethereum,SUSN,2446763,11.26271,11.26271,,True
734c19ff-79a8-40b7-a95f-fac47b7a3e5b,pendle,Pendle,Ethereum,SUSN,2446763,12.02298,10.93628,1.0867,True
9a739779-0a53-4efd-8300-8819727fb23a,compound-v3,Compound V3,Ethereum,LINK,2443396,0,,,False
6ba003eb-fb87-4771-a542-e41d352e7c82,curve-dex,Curve,Ethereum,SCRVUSD-SDOLA,2365854,4.34559,3.69,0.65559,True
18f29a9a-3550-457b-a39e-b80ce65000aa,curve-dex,Curve,Ethereum,REUSD-FXUSD,2364171,2.72255,0.09,2.63255,True
2292999a-f229-4118-823b-3f43211edd4f,curve-dex,Curve,Ethereum,FRXETH-CVX,2259666,7.52567,0.45,7.07567,False
b9ce58c4-95d4-45ef-9592-473a94e682df,pendle,Pendle,Ethereum,YSETH,2222210,2.44234,2.32276,0.11958,False
e2cecfd1-1da5-4a5c-9d46-7b6c3811e630,pendle,Pendle,Ethereum,YSETH,2222210,5.02965,5.02965,,False
2566e666-3341-4572-8eea-fb3c1b3b9868,curve-dex,Curve,Ethereum,GHO-FXUSD,2217581,0.09002,0.09,2e-05,True
e59f4411-983f-46ae-ab24-5325728890ca,pendle,Pendle,Ethereum,FXSAVE,2195837,6.21039,5.673,0.53739,False
0af2a89e-cfcd-4e9c-83a4-0afe9939502f,pendle,Pendle,Ethereum,FXSAVE,2195837,7.26465,7.26465,,False
fa68041a-2ce5-4ee5-88a0-ec5185f0bdb7,euler-v2,Euler V2,Ethereum,USDC,2194257,3.3188,3.3188,,True
881188e7-8f4b-448f-a53a-1378638b4e3d,aave-v3,Aave V3,Ethereum,PT-USDE-27NOV2025,2166831,0,0,,False
2a7e3d6c-26c0-4d71-b904-97a30bb723f2,kamino-lend,Kamino Lend,Solana,CDCSOL,2154827,0.00329,0.00329,,True
d14bccf4-9a1d-41e5-96d7-0b25df947f3b,kamino-lend,Kamino Lend,Solana,PICOSOL,2145698,4e-05,4e-05,,False
a8e3d841-2788-4647-ad54-5a36fac451b1,aave-v3,Aave V3,Arbitrum,DAI,2118496,2.06116,2.06116,,True
5a8be87d-8632-45a3-b0cb-08f33bd4aa90,pendle,Pendle,Ethereum,STRETH,2114503,4.12675,4.12675,,False
6e4f1998-dfa9-4793-aafe-387f97892f27,pendle,Pendle,Ethereum,STRETH,2114503,5.66366,5.60188,0.06178,False
f8e0b386-054e-4437-b58f-b504dd9ebc03,pendle,Pendle,Ethereum,WEETH,2113368,2.56062,2.55633,0.00429,False
cf047bdd-d744-4839-9ce3-968fb54e9c7c,pendle,Pendle,Ethereum,WEETH,2113368,2.70111,2.70111,,False
8e41ef65-c599-4750-82a6-b284ddd33635,euler-v2,Euler V2,Ethereum,USDT,2102349,1.87537,1.87537,,True
093d3274-7a3d-4f80-8b77-3e4dafab2dd9,curve-dex,Curve,Ethereum,USDC-NBASIS,2004632,0.08,0.08,0,False
91a13ad5-0687-4d6f-a789-da86b149d817,euler-v2,Euler V2,Arbitrum,USDC,1986236,6.35103,6.35103,,True
8e469dbc-6da7-45fd-93a5-c5c4a9c18ed3,curve-dex,Curve,Ethereum,CRV-YCRV,1977217,9.20229,0.75,8.45229,False
93a073c9-0870-44a2-a5a6-d6091573be08,curve-dex,Curve,Ethereum,PYUSD-CRVUSD,1937417,3.14998,0,3.14998,True
b9c2067b-f491-4dfa-bedf-59194c4c7aa0,euler-v2,Euler V2,Ethereum,RLUSD,1930868,1.73926,1.73926,,True
4f3f9753-a071-4524-a564-35372a76c78d,curve-dex,Curve,Arbitrum,USDC.E-USD₮0,1895511,0.15048,0.15,0.00048,True
6e1583f9-f13b-44e2-bb17-816a2e2ba6bb,curve-dex,Curve,Ethereum,CRV-SDCRV,1879980,13.93365,2.59,11.34365,False
ce225565-9411-4e75-afdb-b0df6e14066b,curve-dex,Curve,Ethereum,GUSD-3CRV,1854285,1.66236,0.72,0.94236,False
62ac3b0e-aad4-49b0-ba4a-625458eff096,curve-dex,Curve,Ethereum,UNIBTC-BRBTC,1842995,5.20288,0,5.20288,False
e13cb9ca-d4dd-4c30-a367-8e9b3460e445,compound-v3,Compound V3,Base,WEETH,1839628,0,,,False
0b5e3dc8-83c7-4908-b820-36cd63995a6a,curve-dex,Curve,Ethereum,WETH-PXETH,1829675,0.14915,0.08,0.06915,False
e2012a65-2add-42d4-bea7-ccf261c19ecc,pendle,Pendle,Ethereum,WEETHS,1822838,3.92984,3.92984,,False
9ca5b73d-fc1f-4768-b51e-927bb47c6395,pendle,Pendle,Ethereum,WEETHS,1822838,3.24838,3.13033,0.11805,False
18cb2d80-422e-4d0d-a223-66a307f06d8d,curve-dex,Curve,Ethereum,ETH-OETH,1759161,0.2615,0.01,0.2515,False
4b1bd000-0fdd-4a75-bb30-45b513f7e5f7,compound-v3,Compound V3,Base,WRSETH,1749559,0,,,False
4c297a1d-8e6d-4a06-b3a0-38b7f4bb3400,pendle,Pendle,Ethereum,RSETH,1747255,2.92697,2.82156,0.10541,False
79d38593-2c1d-4ec4-b92e-8d1fe025df5f,pendle,Pendle,Ethereum,RSETH,1747255,2.54006,2.54006,,False
0c8567f8-ba5b-41ad-80de-00a71895eb19,compound-v3,Compound V3,Base,USDC,1737327,4.0139,3.19185,0.82205,True
cd24920c-7e1f-4473-81de-b6fccd7ecdfd,curve-dex,Curve,Ethereum,CRVUSD-YB,1699384,32.25081,7.48,24.77081,False
af9f9ec3-ae9c-4a5d-95c4-1c1c55e4afcf,pendle,Pendle,Ethereum,RLP,1696917,9.75474,9.49294,0.2618,False
b36c96f5-ca35-4236-bb54-7b84f39aba28,pendle,Pendle,Ethereum,RLP,1696917,9.00258,9.00258,,False
446acfcf-3491-4aff-b114-bbede5c6c0c3,curve-dex,Curve,Ethereum,IUSD-USDC,1666726,5.85209,0.05,5.80209,True
31063861-ab4d-43a7-a071-c240fe08a8be,compound-v3,Compound V3,Ethereum,TETH,1644348,0,,,False
475e0e56-2648-4b75-82cb-e82f5983787a,aave-v3,Aave V3,Ethereum,LDO,1641775,0.07033,0.07033,,True
ea0477f6-4ead-4339-926d-eeff9e11580b,euler-v2,Euler V2,Arbitrum,USDC,1598962,5.5456,5.5456,,True
0f72592a-80bf-4ec4-966b-1af1d9ace829,pendle,Pendle,Ethereum,UNIETH,1557452,1.48163,1.41595,0.06569,False
c289de95-a67e-4461-9147-a8d8098777df,pendle,Pendle,Ethereum,UNIETH,1557452,3.20561,3.20561,,False
829ac1b4-2129-4699-a412-59a5d7dbab64,compound-v3,Compound V3,Arbitrum,WSTETH,1511322,0,,,False
08d9e568-98b5-4957-bad6-e69ed4cf0d76,curve-dex,Curve,Ethereum,YNETHX-WETH,1498549,2.83076,2.68,0.15076,False
00152e22-d041-425c-b0df-e4dfabb99780,euler-v2,Euler V2,Ethereum,WBTC,1482883,0.00085,0.00085,,False
c7c9e2c5-a3ea-4e6e-80d7-090fd2d604c5,pendle,Pendle,Base,YOUSD,1454266,8.47438,8.47438,,True
4ae1949e-91ea-4745-a461-7f04d0f7538c,pendle,Pendle,Base,YOUSD,1454266,7.53624,7.01612,0.52012,True
c82ab892-d820-4bb6-b9f0-5f8f044ed0fa,curve-dex,Curve,Ethereum,PWRD-3CRV,1439920,0,0,0,False
ed940168-f355-4ccc-8f3f-4a49761df0da,curve-dex,Curve,Ethereum,REUSD-SUSDE,1421643,5.43,5.43,0,True
a287995e-2249-43d7-bdb0-0ce030930a51,aave-v3,Aave V3,Arbitrum,TBTC,1401773,0,0,,False
29d4eefc-ad49-4ce4-bad1-0e185a0ba31b,curve-dex,Curve,Ethereum,BBTC-SBTCCRV,1381242,0.02,0.02,0,False
effcb4a4-4dcb-45e5-935d-f15542c13e6b,aave-v3,Aave V3,Ethereum,USDC,1374128,3.37281,3.37281,,True
fd285112-116d-4061-a807-485e77dcbacf,aave-v3,Aave V3,Ethereum,EUSDE,1368154,0,0,,True
959edefe-f71e-474c-b035-4477d3a27cee,pendle,Pendle,Ethereum,USDE,1367831,1.14398,0.53441,0.60956,True
babfb1c9-a438-4ed6-80b2-51bef40a0a27,pendle,Pendle,Ethereum,USDE,1367831,4.12201,4.12201,,True
1e0f6284-9f20-44c3-8236-67624a568397,pendle,Pendle,Ethereum,PUFETH,1355210,2.28018,2.17719,0.10299,True
12b04db2-d875-49b9-acbb-399b83ce6384,pendle,Pendle,Ethereum,PUFETH,1355210,4.55438,4.55438,,True
a9212f2f-bb21-4bf4-b5fb-99b23e22a4d8,compound-v3,Compound V3,Ethereum,UNI,1338212,0,,,False
7e218bc2-186c-473d-af0c-415bcdfe392b,curve-dex,Curve,Ethereum,IDAI-IUSDC-IUSDT,1326227,143.74,143.74,0,True
6749a277-1e65-4dd2-97fb-4ed8bbc71853,pendle,Pendle,Ethereum,USDF,1318157,2.26376,1.73017,0.53359,True
8d2a1154-094c-449e-bc5a-0e6bc418066c,pendle,Pendle,Ethereum,USDF,1318157,7.72558,7.72558,,True
a13f0697-d7f1-482b-90c3-21f90725a836,curve-dex,Curve,Ethereum,USDE-USDC,1315088,0.08,0.08,0,True
25e631a3-bdba-43a8-81ff-46000465212f,curve-dex,Curve,Ethereum,PUMPBTC-WBTC,1314981,0,0,0,False
77871537-d13b-475f-ab01-453778ad1521,euler-v2,Euler V2,Ethereum,TETH,1304901,0,0,,False
ac7361fa-edf4-4aa8-86ed-657be5320c65,compound-v3,Compound V3,Ethereum,LINK,1278487,0,,,False
c2c7de64-230c-4c1c-8745-2d207fcfb45c,pendle,Pendle,Ethereum,YSUSDC,1278380,6.17188,6.02429,0.14759,True
256cca8a-b88a-47d6-9297-a47858cccbb3,pendle,Pendle,Ethereum,YSUSDC,1278380,8.91546,8.91546,,True
e5314f0a-4976-4333-a964-93a24289e314,curve-dex,Curve,Ethereum,ETH-FXN,1264415,0.99043,0.99,0.00043,False
eab7c75b-da3a-43e3-b401-05555b2e06c8,pendle,Pendle,Ethereum,SAID,1238126,11.71793,10.85706,0.86087,True
cf4bd97c-79ea-44b6-a13e-e23345aa3dcb,pendle,Pendle,Ethereum,SAID,1238126,13.42963,13.42963,,True
7e871eb8-f746-4af2-958d-1239bce4508e,curve-dex,Curve,Ethereum,CRVUSD-SUSDE,1223959,5.5287,3.03,2.4987,True
b640d150-56b8-4bfa-b39b-460d1f9d3229,curve-dex,Curve,Ethereum,PXETH-STETH,1217502,0.63,0.63,0,False
168a12f8-56b3-47e6-86d6-9de16bcb45ec,curve-dex,Curve,Ethereum,DOLA-DBR-INV,1208188,4,4,0,False
85f878ab-9ae3-4524-afa5-f1356dfb361f,euler-v2,Euler V2,Arbitrum,USDC,1202342,6.52997,6.52997,,True
b03c1486-fde6-4f75-a89a-068f9aa19d0f,curve-dex,Curve,Ethereum,FRAX-FPI,1195094,0,0,0,True
e3189532-eced-4e95-8c38-4a9fa04e4879,curve-dex,Curve,Ethereum,DGNETH-ETH+,1188725,3.24725,2.46,0.78725,False
42f2dff5-903c-48d5-97ae-a80b3d874568,curve-dex,Curve,Ethereum,MUSD-SUSDE,1174662,9.49061,0.9,8.59061,True
d11b8de5-fb4c-40f6-9d7c-6d3440a77c91,curve-dex,Curve,Ethereum,USDC-USDU,1139653,0.85443,0.66,0.19443,True
64c51378-01a3-4277-a625-90b72edfbe88,curve-dex,Curve,Ethereum,WETH-PETH,1130776,0,0,0,False
420ad40c-2aab-4996-bb65-643d1ead3bfc,compound-v3,Compound V3,Arbitrum,EZETH,1127951,0,,,False
0cac92be-caaa-4cec-8f5a-712629a588c8,pendle,Pendle,Ethereum,REUSDE,1124975,14.04675,14.04675,,True
701b8025-5a56-43c0-ac68-ebebc05aae0e,pendle,Pendle,Ethereum,REUSDE,1124975,21.95445,14.97023,6.98422,True
4fcac035-f39c-4238-bc87-4c4cfe0b3092,curve-dex,Curve,Ethereum,OUSD-3CRV,1118433,0.01,0.01,0,False
efb10ba5-532a-407f-9324-ff86e25b003b,curve-dex,Curve,Base,CRVUSD-TBTC-WETH,1115047,5.45787,0.08,5.37787,False
1cfa57c8-2c94-4c3d-869f-a3ae98cfb370,curve-dex,Curve,Ethereum,WETH-RSUP,1110371,15.35753,1.64,13.71753,False
9cf39876-6292-414c-9a4f-d09346c48e07,curve-dex,Curve,Ethereum,LBTC-WBTC,1105370,0,0,0,False
e49aa70c-f29b-4509-a477-f2dc2e0259f8,curve-dex,Curve,Ethereum,ECFX-ETH,1077592,0.33003,0.33,3e-05,False
fa087a6f-bc17-4752-9ac4-2b190503925f,curve-dex,Curve,Ethereum,GHO-CRVUSD,1068981,3.9461,0.23,3.7161,True
681faca0-5f8d-4341-9ba8-7ef8e73968a3,curve-dex,Curve,Ethereum,USD3-SCRVUSD,1062362,3.76425,0.41,3.35425,True
80830d6a-cc86-4f87-93ae-b9765d799619,curve-dex,Curve,Ethereum,AZGNIT-LPF-B-USDC,1049980,0,0,0,False
7e930482-8162-4992-8d7d-de4126ae63dc,curve-dex,Curve,Ethereum,USDC-LIUSD-1W,1045361,5.03,5.03,0,False
d44d0684-a5a4-44cb-be02-f53623b52efd,kamino-lend,Kamino Lend,Solana,HSOL,1028971,0.00164,0.00164,,False
ca3710b5-67f2-4df8-8710-64335a6c0933,compound-v3,Compound V3,Base,TBTC,1024734,0,,,False
5c261e22-424c-4cda-a68c-1907ac5f25b7,curve-dex,Curve,Ethereum,FRAX-FPI,1023647,3.25011,3.25,0.00011,True
4cd5ea56-75f6-449c-b134-cb76e4f86d10,curve-dex,Curve,Ethereum,MSUSD-FXUSD,1023555,5.6987,0,5.6987,True
1154a4a6-8b2d-4241-aee8-d489d15da2f5,pendle,Pendle,Arbitrum,GMETH(WETH-WETH),1017268,3.70388,3.68504,0.01883,False
157dfe04-c535-49f3-8357-936730e6bf04,pendle,Pendle,Arbitrum,GMETH(WETH-WETH),1017268,4.97197,4.97197,,False
f2776afe-8e1d-4edb-81af-863c0edd50ff,curve-dex,Curve,Arbitrum,WETH-RSETH,1010695,0.76,0.76,0,False
80011215-3cbe-4d82-b6c6-5b7a69f729ce,curve-dex,Curve,Ethereum,BOLD-LUSD,1009549,0.08,0.08,0,True
c372279e-92ff-4acc-ad90-14a4d3a888e4,compound-v3,Compound V3,Base,CBETH,1006661,0,,,False
491f6321-e8fb-4b74-92d8-5c73ac4752e5,curve-dex,Curve,Ethereum,FXN-CVXFXN,1004804,4.58944,0.16,4.42944,False
318b22c1-ea5e-46f9-b432-61d3bfdc8933,euler-v2,Euler V2,Ethereum,FRXUSD,1003058,3.52702,1.81655,1.71047,True
7f56cc86-658b-4c68-8da7-e82d0abc2bda,curve-dex,Curve,Ethereum,USDQ-USDT,1000581,0,0,0,True
0bca93ea-1221-4d10-9684-59a02b487e44,curve-dex,Curve,Ethereum,USDR-USDT,998797,0,0,0,True
59bbffe5-1291-4ecc-b0ac-2b32e70b17e2,pendle,Pendle,Ethereum,UPUSDC,994918,5.30378,5.2232,0.08058,True
c0e88487-b287-49e6-b445-d0501b5a8978,pendle,Pendle,Ethereum,UPUSDC,994918,9.00813,9.00813,,True
bd9ba0cb-743b-4a82-ab91-7e4ff8047492,curve-dex,Curve,Ethereum,OGN-OUSD-OETH,981533,1.14506,0.13,1.01506,False
7bade541-1b21-4b13-8981-bbe4db2d1ff1,euler-v2,Euler V2,Base,WEETH,971987,2e-05,2e-05,,False
fa5191a3-c3e4-4b99-8d94-b537fa5a4681,pendle,Pendle,Ethereum,AGETH,971932,2.96702,2.30932,0.65771,False
36ee266e-eb0c-47ee-9447-f15efaea6dcc,pendle,Pendle,Ethereum,AGETH,971932,3.64295,3.64295,,False
84a453b1-f18f-4432-a7ca-34aac82406ca,euler-v2,Euler V2,Arbitrum,WSTETH,968059,0,0,,False
062770d8-b153-4b2a-b8ad-645815a80bac,pendle,Pendle,Ethereum,SWETH,954359,3.34082,3.34082,,False
3e99314b-6e1d-4191-a4e6-35ff44f4b21e,pendle,Pendle,Ethereum,SWETH,954359,2.92712,2.84016,0.08695,False
c27e64f8-21d5-47a5-be7a-7d6382eb43a8,curve-dex,Curve,Ethereum,MUSD-CRV2POOL,947631,15.03965,0.41,14.62965,False
c5af4fbd-932d-40c5-8ee4-6b45ee691b76,aave-v3,Aave V3,Ethereum,MKR,946017,5e-05,5e-05,,False
599d01d6-44fb-41a8-a745-9db1083716d4,pendle,Pendle,Ethereum,ASDPENDLE,931858,22.93639,22.93639,,True
521d3509-0d7b-4516-b537-0561a829567e,pendle,Pendle,Ethereum,ASDPENDLE,931858,34.1526,30.12502,4.02758,True
544cb1d2-7945-4e98-8230-c51160d27d5a,curve-dex,Curve,Ethereum,WETH-SDT,926145,6.10714,0.13,5.97714,False
64e9da6c-38d7-4af3-a110-bfbd541de502,pendle,Pendle,Ethereum,MSYRUPUSDP,924835,7.98974,7.98974,,True
736ebe53-bc6d-4ff5-b1a4-0a41c5488270,pendle,Pendle,Ethereum,MSYRUPUSDP,924835,6.85046,6.51839,0.33208,True
a3d66deb-a5e6-49cb-834f-8ccd454deca2,curve-dex,Curve,Ethereum,USD3-SUSDE,917755,4.9432,2.72,2.2232,True
d3f4305d-ac0a-4e5a-b814-67c3d7c3b6f0,compound-v3,Compound V3,Arbitrum,TBTC,911369,0,,,False
c92d7ebf-ecb8-4ca1-a09c-9f8516dfcb61,euler-v2,Euler V2,Ethereum,WEETH,879961,0.00715,0.00715,,False
22f945e0-ab42-4ea4-b5c2-feeb7cb8d507,curve-dex,Curve,Ethereum,WIBBTC-SBTCCRV,879725,0.02,0.02,0,False
5cddae3c-7c4a-4473-8931-82a7f985185a,aave-v3,Aave V3,Base,AAVE,878706,0,0,,False
9cced191-ad6f-4fab-b1c1-3ba2d15ccf0f,curve-dex,Curve,Ethereum,FRAX-FXB-20261231,876788,2.88005,2.88,5e-05,False
289fd501-498b-4c0b-97f3-807dfbd1d927,curve-dex,Curve,Ethereum,WETH-INV,876659,1.9,1.9,0,False
a29ce33e-5994-486e-b76e-4a52692d2571,compound-v3,Compound V3,Arbitrum,WBTC,868513,0,,,False
429bbfd9-1496-4871-9406-b64f3d05f38d,curve-dex,Curve,Arbitrum,USD₮0-WBTC-WETH,864717,0.75,0.75,0,False
18e26e89-066b-48eb-b357-d3b4e9f343f6,euler-v2,Euler V2,Ethereum,RSETH,816295,2.50536,2.50536,,False
2956b5b1-77ea-43aa-887d-29ba4f2b84aa,pendle,Pendle,Ethereum,UNIBTC,815629,0.51081,0.06084,0.44997,False
23536587-b38a-4131-8782-c890db4f893b,pendle,Pendle,Ethereum,UNIBTC,815629,0.36359,0.36359,,False
5a4c4cef-e95e-47c3-977a-e41d9fec6cdf,curve-dex,Curve,Ethereum,MSETH-OETH,812284,6.77974,0.08,6.69974,False
d85aeae0-e233-4c1e-8620-66569a571609,curve-dex,Curve,Ethereum,CRVUSD-ZCHF,806333,6.56974,0.22,6.34974,True
ef8fbf02-ac96-4453-a78c-37bda4cd65e3,aave-v3,Aave V3,Ethereum,LUSD,805027,1.57303,1.57303,,True
634de7f1-3fee-4f7b-84a7-49264375d5f2,pendle,Pendle,Arbitrum,WSTETH,788332,2.72429,2.56904,0.15525,False
3dc97129-751e-4150-9b6f-34ab779ca0f2,pendle,Pendle,Arbitrum,WSTETH,788332,2.48982,2.48982,,False
39d98359-da70-4052-85e3-4ad53a116d64,curve-dex,Curve,Ethereum,USD3-SUSDS,785650,4.73283,2.17,2.56283,True
700ab88a-4323-4b82-8fbe-b69dd8790e95,curve-dex,Curve,Ethereum,ETH-YFI,783566,5.3348,0.16,5.1748,False
6cd5c507-ff67-40ff-b37d-96cdf0985e78,curve-dex,Curve,Arbitrum,ETH+-WETH,779553,0,0,0,False
31273585-b1a5-4ae6-8026-ce0f377d24a1,curve-dex,Curve,Ethereum,ETH-ALD,778018,0.02509,0,0.02509,False
00bc9d53-85d6-422f-b287-1048088d5f45,euler-v2,Euler V2,Ethereum,RZR,750093,0.00043,0.00043,,False
2b79e03c-3cee-48a8-b91f-7ee61c4e6025,curve-dex,Curve,Ethereum,WETH-T,740156,0.59228,0.09,0.50228,False
5a29a2e5-10e0-471b-9952-ff9d1abd9b85,pendle,Pendle,Ethereum,NBASIS,724108,9.70298,9.70298,,False
4268643f-ff4d-4bfd-8ec3-ae0b0ae5ac87,pendle,Pendle,Ethereum,NBASIS,724108,5.45422,4.71094,0.74328,False
8d989d6c-99ba-447e-8f3d-3aca98e993fd,curve-dex,Curve,Ethereum,FRAX-3CRV,722271,0.03224,0.03,0.00224,False
7ddb4796-a620-47a0-acdc-3f0058d284ac,curve-dex,Curve,Ethereum,GEAR-ETH,715020,12.89708,0.37,12.52708,False
7aab7b0f-01c1-4467-bc0d-77826d870f19,aave-v3,Aave V3,Arbitrum,USDC,710949,2.12532,2.12532,,True
4a2ded3a-3667-40a8-a9b2-503b6d357b49,aave-v3,Aave V3,Ethereum,RPL,705370,1.11842,1.11842,,False
a73ce962-6cc8-40f6-95bf-b7dc1da1018e,curve-dex,Curve,Ethereum,USDAF-FRXUSD,705135,11.02024,1.79,9.23024,True
d696e218-b108-432a-a81f-87fb912fbadb,curve-dex,Curve,Ethereum,GHO-USDE,686345,0.04,0.04,0,True
3f9b5393-c38e-4dbf-bff1-1637c15a2b80,curve-dex,Curve,Ethereum,USDE-CRVUSD,673263,0.1,0.1,0,True
ac164d4e-855d-4eed-bebf-0c04c0fac54b,euler-v2,Euler V2,Ethereum,CBBTC,667503,0.01613,0.01613,,False
982fdfd1-caa6-4752-8a2c-c19d13b6cb2c,curve-dex,Curve,Ethereum,MUSD-3CRV,656898,0.02002,0.02,2e-05,False
d78803f4-437f-4ce5-b199-1bae142a185d,curve-dex,Curve,Ethereum,DOLA-USR,655645,0.03,0.03,0,True
7ecf7729-6c12-423f-837c-0f688746b787,pendle,Pendle,Ethereum,ASDCRV,654317,17.3925,17.3925,,False
02d4887f-4415-43b3-8ec2-70020474af91,pendle,Pendle,Ethereum,ASDCRV,654317,23.60619,19.47963,4.12656,False
23a68630-c706-4ed3-bb31-92868a15050b,curve-dex,Curve,Ethereum,USD0-USDC,653581,0,0,0,True
8763e218-0eb0-4e4f-926f-568ba0c827e1,aave-v3,Aave V3,Base,TBTC,643129,0.10342,0.10342,,False
143baf6f-154d-415c-8bb3-96e2a5aaf34f,euler-v2,Euler V2,Ethereum,WETH,639831,0.00409,0.00409,,False
2b667896-bd77-46b3-8ddd-bfbb7eafea73,curve-dex,Curve,Ethereum,PENDLE-SDPENDLE,631328,0.03,0.03,0,True
403802ee-e259-42bb-be6b-2a75a8baf0fa,curve-dex,Curve,Ethereum,FRXUSD-USDF,629968,0.05017,0.02,0.03017,True
c69a5fa3-0948-428e-9a01-34057a08fde4,curve-dex,Curve,Ethereum,REUSD-SDOLA,619560,6.36585,1.3,5.06585,True
3a61846f-306a-47fd-b4a9-3a7cb82e8004,curve-dex,Curve,Ethereum,USDA-SUSDA,605779,0,0,0,True
071c3281-02a9-480a-b1c2-33f7f3d7d542,curve-dex,Curve,Ethereum,SCRVUSD-USDAF,598455,7.20962,2.09,5.11962,True
190580f0-8121-4744-945b-6a5c04e09795,kamino-lend,Kamino Lend,Solana,EURC,595032,4.54355,4.54355,,True
be04b294-d73a-4a71-b533-f667f7471500,curve-dex,Curve,Ethereum,COIL-FRAXBP,591581,0.73542,0,0.73542,False
8ec9e3e2-1eb5-4c47-82de-edcc825ca4cc,curve-dex,Curve,Ethereum,CDAI-CUSDC,582693,0.01554,0,0.01554,True
6dbc863f-7c59-463b-8d62-8273b3f8acb0,pendle,Pendle,Ethereum,WSTUSR,579187,5.02266,4.9562,0.06646,True
6db68910-525b-4c46-8989-288a2ebcb25f,pendle,Pendle,Ethereum,WSTUSR,579187,6.10856,6.10856,,True
1678019b-78f2-4d43-9a82-3a0ecdc5df1c,curve-dex,Curve,Ethereum,USDC-ALUSD,579087,2.31,2.31,0,True
557d6eb3-e947-45e8-9418-c5cc38784830,curve-dex,Curve,Arbitrum,CRV-VSDCRV-ASDCRV,578480,15.32575,6.51,8.81575,False
633e9a19-50a8-448a-9d02-87f8860074bc,euler-v2,Euler V2,Ethereum,EUSDE,577903,6.06364,6.06364,,True
102c856e-14a6-4480-84cb-3322f682b237,pendle,Pendle,Arbitrum,RSETH,572931,2.06345,2.06345,,False
75cffdf2-2637-4a01-82ce-d7bdc18dc248,pendle,Pendle,Arbitrum,RSETH,572931,2.97058,2.65126,0.31933,False
0b65cb9f-2c63-40d5-9344-2a867fbfc41a,sky-lending,Sky Lending,Ethereum,WBTC,568560,0,,,False
88459997-3650-4bc5-9fa5-d9555e6df723,pendle,Pendle,Ethereum,SYRUPUSDC,561428,4.83309,4.83309,,True
97a98ca5-1127-47e8-8be8-527a7bd81557,pendle,Pendle,Ethereum,SYRUPUSDC,561428,6.12403,5.25513,0.8689,True
3bb6a56f-d2cf-4e80-ad33-b0735139a7c5,euler-v2,Euler V2,Ethereum,USDE,559521,2.39952,2.39952,,True
a0f53224-c152-416e-8599-4563e70c6040,euler-v2,Euler V2,Ethereum,USDC,557300,4.67331,4.67331,,True
ccd0708c-5e07-477f-9dfa-59db70451b69,compound-v3,Compound V3,Base,EZETH,553352,0,,,False
0c0292b2-6fc1-4a57-a481-6b85ee7305fa,curve-dex,Curve,Ethereum,STG-USDC,544555,1.81425,1.52,0.29425,False
be3d7cb9-f008-4050-8802-13ea505bcbdf,compound-v3,Compound V3,Arbitrum,WETH,540698,2.14408,1.61215,0.53193,False
d0f09aac-e563-4cfc-b1d6-9a0c3d6767cb,curve-dex,Curve,Ethereum,TETH-WEETH,540258,3.74,3.74,0,False
77500885-c503-43d5-b84e-f057bebb96d8,curve-dex,Curve,Arbitrum,CRVUSD-WBTC-WETH,540056,0.06,0.06,0,False
bd323fdf-81f2-40bd-96a0-189a48ea48e5,compound-v3,Compound V3,Arbitrum,RSETH,535604,0,,,False
12b0dcd9-d6fd-443d-88c4-68063f38f5bb,curve-dex,Curve,Ethereum,REUSDE-SUSDE,529973,0.67,0.67,0,True
e18941f7-c4bb-4278-a46c-ec3b3d9795ee,kamino-lend,Kamino Lend,Solana,WBTC,528630,0.08639,0.08639,,False
f030cf6f-13c3-4575-81d4-bef528e34f13,pendle,Pendle,Ethereum,USD(MIDASMEDGE),526539,9.25064,8.65145,0.59919,True
355bca84-7ed4-4913-ba96-1b1d75c7128d,pendle,Pendle,Ethereum,USD(MIDASMEDGE),526539,10.8264,10.8264,,True
4b74de1e-1937-4ea7-8db2-ea1f1c3fa10a,curve-dex,Curve,Ethereum,USDT-USDKG,522740,0.08,0.08,0,True
6258d8cc-e618-4165-9385-7775168369b2,curve-dex,Curve,Ethereum,USR-USDC,520032,1.27615,0.1,1.17615,True
f4a63672-f7ae-400c-b4b3-7cfe704d2daf,aave-v3,Aave V3,Ethereum,1INCH,519156,0.0189,0.0189,,False
8395e9c7-a26d-4e9c-a6e9-7cc002244979,euler-v2,Euler V2,Base,USDC,514627,3.05316,3.05316,,True
bc244917-e28c-4f10-bfa4-79bf90529023,euler-v2,Euler V2,Ethereum,USDT,503808,3.74907,3.74907,,True
27938c8e-dc59-4128-b9fb-603d3616fc55,pendle,Pendle,Ethereum,USN,497969,3.43462,3.38585,0.04877,True
99786a58-82e4-47fc-8a28-8d7b32f530d5,pendle,Pendle,Ethereum,USN,497969,11.39114,11.39114,,True
9db42ada-a396-49d0-a190-18285e74fb9b,curve-dex,Curve,Ethereum,BEAN-LUSD,489079,0,0,0,False
dc8cd648-9df1-4a15-920f-7af845786469,curve-dex,Curve,Ethereum,ALCX-FRAXBP,482025,17.68705,0.09,17.59705,False
0bf3cb38-1908-4d85-87c3-af62651d5a03,curve-dex,Curve,Arbitrum,MIM-2CRV,475529,0.08,0.08,0,False
26f8cc1d-7e06-4af6-b5d9-8f18dcac39af,curve-dex,Curve,Ethereum,CVX-CLEVCVX,474528,16.10894,0.84,15.26894,False
af6b6599-9cc0-407f-9826-0c78d802f334,compound-v3,Compound V3,Arbitrum,WBTC,470820,0,,,False
e30876ae-e9d3-4ab1-bf5b-96920f4fc9ba,euler-v2,Euler V2,Ethereum,WETH,468206,2.42454,2.42454,,False
a214e900-2bcd-431f-9744-632fa5436fee,aave-v3,Aave V3,Ethereum,SDAI,467684,0,0,,True
2e8bf750-dfef-4b63-844d-da2d861f4e36,curve-dex,Curve,Ethereum,FXUSD-FRXUSD,465303,0.35,0.35,0,True
6721d20a-9ce5-4d14-bbb3-a603a7fc9b95,curve-dex,Curve,Ethereum,LINK-SLINK,460293,0,0,0,False
c44dce9d-8675-4f36-b95f-4d8d184daa54,curve-dex,Curve,Ethereum,ETH-LDO,451786,0.87066,0.65,0.22066,False
3c7d73df-4886-4184-9d40-d60c09f4d289,curve-dex,Curve,Ethereum,REUSD-USDC,448690,3.66,3.66,0,True
97cdb508-8957-4f88-961c-d54bcb9d5141,curve-dex,Curve,Ethereum,WEETHS-WETH,448132,1.4,1.4,0,False
3966145f-dc53-4ad8-b6e2-3eb5ad367e37,compound-v3,Compound V3,Arbitrum,ARB,441652,0,,,False
abd14430-0463-4146-a90a-cb63e118750f,curve-dex,Curve,Arbitrum,ALUSD-USDC,440244,19.37181,0.16,19.21181,True
849e0897-1d5c-4cbb-afc9-289e0659e483,curve-dex,Curve,Ethereum,FRAX-CRVUSD,427008,0.13038,0.13,0.00038,True
5a24d1f0-1977-4cc6-8d76-e762842c5e81,curve-dex,Curve,Ethereum,ETH-RETH,421337,1.40634,1.39,0.01634,False
2563e1a8-a8da-4b8d-9598-ece8028b95ec,curve-dex,Curve,Ethereum,EURS-SEUR,419884,0.11,0.11,0,True
f525ce6d-93e9-4e84-a620-5f631603e8f0,curve-dex,Curve,Ethereum,ETH-CLEV,419792,11.27589,0.01,11.26589,False
fa7fbe40-587c-492e-9f4b-4ff50417f429,curve-dex,Curve,Ethereum,YUSD-USDC,417474,2.38,2.38,0,True
e63ed80e-d1f8-4f46-9c55-425c61420fbd,curve-dex,Curve,Ethereum,USR-RLP,410033,2.91,2.91,0,False
652ec67f-20b1-4138-8fc3-d78458f47e1a,curve-dex,Curve,Ethereum,OHM-FRAXBP,407670,0.13027,0.08,0.05027,False
5fe2b0c5-c65a-488f-bb8a-85f8b6ea27ac,curve-dex,Curve,Ethereum,STBT-3CRV,401603,2.59,2.59,0,False
58dbe096-ad79-45b8-9c9b-c1c9167ae4b6,curve-dex,Curve,Ethereum,USDC-AID,401396,0.19,0.19,0,True
e406b60f-af1a-46e6-9191-daa658255838,curve-dex,Curve,Ethereum,USDFI-FRXUSD,400693,0.99,0.99,0,True
05979e07-baf5-4f94-b417-19bf64130e1d,curve-dex,Curve,Base,USDC-USDBC-AXLUSDC-CRVUSD,399664,5.20894,0.11,5.09894,True
081c82df-cb69-49fd-948c-fb17f98f7353,euler-v2,Euler V2,Base,YOUSD,397035,0.02852,0.02852,,True
5a1816ca-47ac-49d8-bd70-8f723ec92278,euler-v2,Euler V2,Ethereum,EZETH,394965,0.00021,0.00021,,False
e360745b-cd16-449d-99f7-600c929ef589,curve-dex,Curve,Ethereum,EURA-EURC,393205,1.9677,0.15,1.8177,True
f9d61cb5-2c18-4d7a-9386-9d3494c05d63,curve-dex,Curve,Ethereum,STRBTC-CBBTC-LBTC,392782,0,0,0,False
eae10cdb-28be-4f9b-aacd-52161ac4eae7,euler-v2,Euler V2,Base,CBETH,390792,0.00609,0.00609,,False
993a68a3-13c8-40e5-9ac4-e3e9d8b7e582,curve-dex,Curve,Ethereum,THUSD-USDC,389808,0,0,0,True
884d8539-ddca-418f-b5c8-8a46ecbc6ab3,curve-dex,Curve,Ethereum,TETH-WSTETH,389585,1.19,1.19,0,False
b14cb043-eca3-4893-a8c9-3b5e6a96f273,curve-dex,Curve,Ethereum,ETH-KP3R,378401,20.22495,0.03,20.19495,False
16f1e582-6b2e-47f9-b31b-06d090194931,curve-dex,Curve,Arbitrum,CRVUSD-USD₮0,368349,3.72996,0.03,3.69996,True
cb2a0cd1-ce5e-4a37-b7c7-4ec4b488d305,curve-dex,Curve,Ethereum,WETH-PUFETH,368037,0,0,0,False
37336b56-7670-455a-8354-d196dcfcdbe6,curve-dex,Curve,Ethereum,STLINK-LINK,365201,0,0,0,False
1b1d642a-325a-484a-87f8-681f6729179d,euler-v2,Euler V2,Base,LBTC,363355,0.08559,0.08559,,False
299e4ce8-3f76-4475-8a84-489286714bb4,curve-dex,Curve,Ethereum,EIGEN-WETH,361510,2.62,2.62,0,False
3a94e96e-fef5-4d8b-84c1-48bd431edb9b,pendle,Pendle,Ethereum,LIDOGGV,358773,5.71321,5.65636,0.05685,True
4fd38248-292f-4c5b-8c4b-6dfd6904607d,pendle,Pendle,Ethereum,LIDOGGV,358773,3.95144,3.95144,,True
5cd46a12-e454-4c61-bf96-089f5feb2581,curve-dex,Curve,Arbitrum,CRVUSD-USDC,358724,3.53545,0.06,3.47545,True
c5d9c086-301f-48a1-acfb-34d70bafb574,curve-dex,Curve,Ethereum,WETH-CJPY,349381,7.04331,0.02,7.02331,False
d537ad4f-0474-49be-a01e-80fafa09c72a,curve-dex,Curve,Ethereum,FXUSD-USDC-USDAF-BOLD,349114,2.03573,2.02,0.01573,True
8b55f2ca-0f4b-4dbd-8d02-62e8bc397fb9,curve-dex,Curve,Ethereum,WSTETH-RETH-SFRXETH,346005,2.75,2.75,0,False
369fe157-a536-440e-9e9c-c080a369cbcb,curve-dex,Curve,Ethereum,EBTC-TBTC,343768,0.40172,0,0.40172,False
a3a7fb56-b19a-4dc8-a3f1-285cb38c5885,euler-v2,Euler V2,Ethereum,USDTB,342077,2.8639,2.8639,,True
2b181181-f200-44d0-81bf-31f3575fea4c,euler-v2,Euler V2,Ethereum,USDC,324756,3.64098,3.64098,,True
9abc391b-1ddf-4afb-bced-43dcc26c3fa6,curve-dex,Curve,Ethereum,USDT-WBTC-WETH,322385,0.16,0.16,0,False
ad4847ba-484c-4a2e-b77a-77a3269801f2,curve-dex,Curve,Ethereum,EBUSD-USDC,321597,8.45969,0.49,7.96969,True
bd2246f3-b71f-4258-9f52-8c81ae826d53,compound-v3,Compound V3,Ethereum,WBTC,301398,0,,,False
9a73da78-b8e5-4325-bc35-6732dd9f9d64,aave-v3,Aave V3,Ethereum,ENS,301276,0.0787,0.0787,,False
d2cec87c-a53a-45bd-aeae-c98cbc599bc6,curve-dex,Curve,Ethereum,FXSAVE-SCRVUSD,296151,6.1905,6.19,0.0005,False
222d12d0-17ae-4589-80f3-df7661ff1881,pendle,Pendle,Ethereum,YSYBOLD,292353,6.09272,6.09272,,True
c1158f96-eb6b-4e56-b445-e2142a28b513,pendle,Pendle,Ethereum,YSYBOLD,292353,4.77523,3.62234,1.15289,True
6220a31d-7c3f-4bf6-91ee-f026c9d35e92,euler-v2,Euler V2,Base,WETH,290056,1.73522,1.73522,,False
8fe49c7b-64b7-49cb-9924-411f618588ef,compound-v3,Compound V3,Arbitrum,EZETH,289124,0,,,False
62585fde-1208-4f89-9693-96fc20b4c224,pendle,Pendle,Ethereum,SUSP,288599,10.89658,10.57767,0.31891,True
f7c345b1-d545-43c3-baf3-9c9135854f19,pendle,Pendle,Ethereum,SUSP,288599,9.59353,9.59353,,True
8957da1b-9d3c-438a-9bc1-fbab4dfce2c9,curve-dex,Curve,Arbitrum,WETH-FRXETH,287188,0.43,0.43,0,False
18958c66-ce44-4a60-a7c0-4c8a8fa3c51c,kamino-lend,Kamino Lend,Solana,HUBSOL,286864,2e-05,2e-05,,False
3f8d5d05-24a6-4cbd-ad08-a484a16d8b2e,curve-dex,Curve,Ethereum,ETH-XETH,285312,6.57693,0.07,6.50693,False
d641a839-6aa9-4040-a956-ff38ac25827a,curve-dex,Curve,Ethereum,USDM-3CRV,284994,0,0,0,False
5b91998c-7db9-4b5e-8caf-343b55769151,euler-v2,Euler V2,Ethereum,USDC,281581,3.42115,3.42115,,True
5f13466a-8b06-4fc2-9afb-d81bca04c4af,euler-v2,Euler V2,Ethereum,EUL,271500,0,0,,False
583ef558-d334-4ac3-9be0-bb0e5ed64a25,curve-dex,Curve,Ethereum,CRVUSD-CJPY,270267,8.94611,0,8.94611,False
b3a7ecee-57fd-49dc-abf8-cd272a59e6e3,curve-dex,Curve,Ethereum,WETH-RETH,264416,1.21,1.21,0,False
314cda3d-5617-47f0-8bde-83cf2a0fdee8,pendle,Pendle,Ethereum,AID,263389,5.42286,5.32311,0.09975,True
69cc359e-4223-4b98-9e0a-05392c42ee92,pendle,Pendle,Ethereum,AID,263389,12.41476,12.41476,,True
fa1ea651-4d34-4672-837f-9dcd043319b9,curve-dex,Curve,Ethereum,ALUSD-3CRV,256090,0.1889,0.04,0.1489,False
d33bbfb6-811c-4e80-9928-b96ebd7e136c,curve-dex,Curve,Ethereum,CRV-CVXCRV,253948,1.12208,0.39,0.73208,False
2348efcc-0116-497e-9a70-5f02113d7042,compound-v3,Compound V3,Ethereum,OSETH,252644,0,,,False
168ed52e-9d3f-440d-be23-d92e7a121ec7,curve-dex,Curve,Ethereum,USDE-DAI,249386,0.21,0.21,0,True
c4adc23f-1e5b-4889-8488-57481d98bfb5,curve-dex,Curve,Arbitrum,FETH-XETH-WETH,248925,7.4595,0.02,7.4395,False
43b3e1b6-cb3e-4423-b7d3-e60083eb8109,pendle,Pendle,Ethereum,SYUSD,245858,7.58489,6.63065,0.95423,True
c8be1789-c39b-4ddd-aadb-d157ee804517,pendle,Pendle,Ethereum,SYUSD,245858,6.59534,6.59534,,True
817329d2-07cb-4cbd-82ac-eb9bc0add450,curve-dex,Curve,Ethereum,EUSD-FRAXBP,244692,0.34,0.34,0,True
0c4126ca-8dca-40b3-b5f3-0c48edd4638c,curve-dex,Curve,Ethereum,CVX-AFCVX,242166,12.31302,8.16,4.15302,False
10cac21d-065d-48c3-8f15-26bc2c130061,curve-dex,Curve,Ethereum,ALUSD-FXUSD,235421,0.61659,0.01,0.60659,True
13303ca1-ad1f-4d67-b2d4-6f294d14f99c,curve-dex,Curve,Ethereum,CRVUSD-VUSD,232185,11.16365,0.07,11.09365,True
6e6a55a1-525a-4bc9-8e79-96ee1015b0b7,euler-v2,Euler V2,Ethereum,WETH,230196,0.45486,0.45486,,False
9133499d-2790-426f-9049-237282cb59f9,curve-dex,Curve,Arbitrum,USDC-USD₮0,229613,5.53029,0.17,5.36029,True
0dd4c573-a3c6-4c35-9bc3-d618aacbc58c,curve-dex,Curve,Ethereum,RETH-FRXETH,229074,1.12,1.12,0,False
d39be645-e9fa-480a-b9ef-5f6b857c0251,curve-dex,Curve,Ethereum,DOLA-SCRVUSD,226332,0.38019,0.38,0.00019,True
79e1d4b1-2340-4506-a4a0-a23e05fcf2d2,curve-dex,Curve,Ethereum,USDT-USDE,226114,4.18871,0.04,4.14871,True
833ec61b-f9e6-46ac-9eff-2785808b2389,aave-v3,Aave V3,Base,USDBC,223975,1.90003,1.90003,,True
d9e834a1-c6f0-44a4-a45c-b80d40318837,curve-dex,Curve,Ethereum,ETH-CBETH,223096,1.21,1.21,0,False
07136237-5e3c-41fc-aeb1-ba13b456bb24,curve-dex,Curve,Base,CRV-CRVUSD,218886,10.58287,0.44,10.14287,False
af2343d4-1265-47b1-babf-bfbca90dab56,euler-v2,Euler V2,Ethereum,USDC,218722,2.12229,2.12229,,True
7d5591c7-352e-43f8-8585-fdc3c778d905,curve-dex,Curve,Ethereum,RETH-WSTETH,216706,0.00305,0,0.00305,False
28cfc969-0042-4f0b-9403-c655f30974f1,euler-v2,Euler V2,Ethereum,PUFETH,216584,0.95202,0.95202,,True
16a6876a-f808-424a-9dba-3ba937f1a7c6,pendle,Pendle,Ethereum,USD(MIDASMRE7YIELD),216221,2.75423,2.67428,0.07995,True
46531498-5fae-415f-8aa2-411ed9c239fe,pendle,Pendle,Ethereum,USD(MIDASMRE7YIELD),216221,10.65228,10.65228,,True
f1d018f4-381b-40eb-8b8c-d3233f947682,curve-dex,Curve,Ethereum,CVX1-CVGCVX,215890,12.64589,0,12.64589,False
409b75a5-62ec-4067-a32a-e372b2917fac,aave-v3,Aave V3,Base,EZETH,213243,0,0,,False
81ba47fb-c9b7-424d-94df-e74b11d52ec7,curve-dex,Curve,Ethereum,IBKRW-SKRW,209924,0,0,0,False
f13e0a93-16eb-44ef-b329-bc87aa2e60aa,curve-dex,Curve,Ethereum,WETH-SPC,204498,61.48291,0,61.48291,False
f0eead86-5acd-41a9-93c9-b01766d120e6,curve-dex,Curve,Ethereum,FRAX-SDAI,203347,0.13024,0.13,0.00024,True
8a54a120-7e99-4e85-bf42-3149727d71f4,curve-dex,Curve,Ethereum,LITUSD-SFRXUSD,202821,1.45,1.45,0,True
d1abe0e9-883d-4460-b2ad-27a98c32f5da,pendle,Pendle,Arbitrum,RLP,201400,8.54743,8.54743,,False
53498ed9-151b-41f7-ae57-809d033cb88a,pendle,Pendle,Arbitrum,RLP,201400,9.79778,9.56657,0.23122,False
30854ebc-c56f-4eed-8f43-3efe8bde8f38,curve-dex,Curve,Ethereum,BOLD-USDC,200383,0,0,0,True
dc9a6edc-ee67-4e1a-983e-8032193ba615,curve-dex,Curve,Ethereum,USDX-USDC,199915,0,0,0,True
4703a3a7-6851-463e-bc62-1006fcfe8cce,curve-dex,Curve,Ethereum,EETH-WETH,194615,1.49,1.49,0,False
cf21b287-2f7c-4363-add1-3a0a56de24e6,pendle,Pendle,Arbitrum,UNIETH,187836,1.68559,1.0508,0.63479,False
90374fdf-8283-449b-9d46-13ae7f39e474,pendle,Pendle,Arbitrum,UNIETH,187836,2.58845,2.58845,,False
c1d1f280-1d24-487b-bab9-280bde9be47f,pendle,Pendle,Base,YOEUR,185754,3.96674,3.91954,0.0472,True
cd58acca-a5d9-4c53-980e-4141b8de5333,pendle,Pendle,Base,YOEUR,185754,6.18105,6.18105,,True
4d3b74b0-1a30-4ad4-9f9f-478f0f3ef3fe,kamino-lend,Kamino Lend,Solana,KSOLBSOLORCA,185447,0,0,,False
83bf9b9c-e031-4687-b221-fa91133b8205,curve-dex,Curve,Arbitrum,FRAX-FXB-20261231,185402,3.05,3.05,0,False
939b0cda-7d65-41b8-9226-f28949a857e8,euler-v2,Euler V2,Ethereum,USDC,172066,3.61712,3.61712,,True
d1683efa-676c-482a-8200-081b23745dd5,curve-dex,Curve,Ethereum,FXS-CVXFXS,170630,0,0,0,False
83fcc624-ff58-4c3a-9b10-b8cc9d0da285,curve-dex,Curve,Ethereum,ETH-ANKRETH,166586,0.06,0.06,0,False
176cdf57-8f46-47e2-9610-3d59d4f8b6ec,curve-dex,Curve,Ethereum,YB-YYB,165978,68.45016,5.49,62.96016,False
fe640713-4aae-4130-a31b-a8a6e32289ec,euler-v2,Euler V2,Ethereum,USD0,165238,0.97591,0.97591,,True
497883a9-d74e-4c98-b81a-0dc05706d927,curve-dex,Curve,Ethereum,OBTC-SBTCCRV,164836,0.02,0.02,0,False
9479ab59-f8d9-44f2-8d75-1591d457a21c,curve-dex,Curve,Ethereum,USDC-JUSD,162735,0,0,0,True
f61fed30-4938-4667-a00f-6a59410c09e4,pendle,Pendle,Base,WSUPEROETHB,161526,4.77001,3.33684,1.43317,False
0ad39e33-b96d-4242-b462-d2c705c0d2ae,pendle,Pendle,Base,WSUPEROETHB,161526,4.89861,4.89861,,False
90a24026-a98c-42d9-878b-212fafb13567,curve-dex,Curve,Ethereum,WETH-ASF,159189,16.1951,0.29,15.9051,False
ba9b7985-8e1d-42ea-bd3a-1fa100813dcc,curve-dex,Curve,Ethereum,FIDU-USDC,158217,0,0,0,True
1bb62ef4-02b3-4667-8d09-e2250da740c0,curve-dex,Curve,Ethereum,ADAI-ASUSD,153661,0.30812,0.19,0.11812,True
8ae99061-ae54-440d-9681-e0a38eb8d9eb,curve-dex,Curve,Ethereum,IBEUR-EURA,150081,0.02,0.02,0,True
849d4745-1510-4416-904b-d8455a944c73,pendle,Pendle,Ethereum,SPETH,149716,6.70264,6.12109,0.58155,False
92bdb5ba-3588-4843-9c80-4ebeb74d1f03,pendle,Pendle,Ethereum,SPETH,149716,6.96908,6.96908,,False
a342b7ec-58bb-4843-b12c-42ff3ffc17ab,curve-dex,Curve,Ethereum,LUSD-UUSD,148968,0,0,0,True
eb4a17a6-b27b-4a30-86eb-927901a8b60d,euler-v2,Euler V2,Base,CBBTC,146848,0.12032,0.12032,,False
6595a5b8-9900-4225-8237-ba63b0d226c6,curve-dex,Curve,Ethereum,MKUSD-USDE,146323,0,0,0,True
05c03fa1-aa11-40d7-b617-99f010e879c5,curve-dex,Curve,Arbitrum,CRVUSD-USDC.E,145249,4.60958,0.03,4.57958,True
9548300f-a34b-4513-bd91-acf5d969d4c3,curve-dex,Curve,Ethereum,WETH-TACETH,144272,1.17914,0,1.17914,False
668763b1-d038-4c97-b918-f013e91e863e,curve-dex,Curve,Arbitrum,ETH-WSTETH,144054,1.28,1.28,0,False
d710ca08-6f7d-4617-8909-7d00486a226c,euler-v2,Euler V2,Arbitrum,USDC,143982,4.11762,4.11762,,True
4be97d9f-eb9a-4119-8c5b-c6df2f63a99c,curve-dex,Curve,Ethereum,ETH-CTR,143168,12.24463,0,12.24463,False
4d48ed69-2a14-4609-91c0-bc129a6dc586,euler-v2,Euler V2,Ethereum,USD0,142788,1.4545,1.4545,,True
6eca97d3-5306-47d6-9997-6028df72c3d6,curve-dex,Curve,Ethereum,VEE-USDC,141266,0.02,0.02,0,False
3ede185c-be5c-4610-a411-7aedb3a3b58e,curve-dex,Curve,Ethereum,YNRWAX-YNUSDX,141252,86.3361,55.04,31.2961,False
5b6ba2f8-53a5-406c-89ab-a52ffab0b46a,euler-v2,Euler V2,Ethereum,YU,139923,22.5612,22.5612,,False
9063f7fa-f787-42be-909c-a5b666dfff5c,curve-dex,Curve,Arbitrum,UNIETH-WETH,139459,0,0,0,False
00609ee1-bd45-46e6-97fb-e7d5699b5e58,euler-v2,Euler V2,Ethereum,USR,139433,2.02091,2.02091,,True
257941f5-0b07-47f0-853c-b4cc656a4f8b,curve-dex,Curve,Ethereum,EURA-EURT-EURS,138083,12.08351,3.48,8.60351,True
227d976d-035c-4be3-83a9-70a6135f9c18,curve-dex,Curve,Ethereum,PMUSD-FRXUSD,136083,0.79,0.79,0,True
37fb91f9-866e-4fb1-9339-1311c04a8a00,curve-dex,Curve,Ethereum,PMUSD-CRVUSD,135634,0.78,0.78,0,True
9e45f723-1041-4566-b11c-149d4fef5b39,euler-v2,Euler V2,Ethereum,LBTC,134782,0.09995,0.09995,,False
b23bf709-7cf7-4fa9-aaa6-94ac9f8bb589,curve-dex,Curve,Ethereum,APEUSD-FRAXBP,134513,0.01,0.01,0,True
643e883f-6922-4c89-82c3-bf3ac260fe1f,compound-v3,Compound V3,Arbitrum,USDC,133817,3.04078,3.04078,0,True
589aa5cd-aeab-433e-aefc-9d0992796430,euler-v2,Euler V2,Arbitrum,WETH,132138,1.42083,1.42083,,False
1e939cab-08ef-46b3-9c2c-3541f0874acb,pendle,Pendle,Arbitrum,WSTUSR,131524,5.06501,5.06501,,True
6c34296d-b1ad-414d-8379-1ff2132ee9dc,pendle,Pendle,Arbitrum,WSTUSR,131524,5.14909,4.85069,0.2984,True
12caacae-99a9-4de4-8614-ba49087aac4d,curve-dex,Curve,Ethereum,SDT-CVGSDT,131078,4.69836,0,4.69836,True
5aa9664f-bc5b-4782-9502-ef91f6a67d49,pendle,Pendle,Ethereum,USD(MIDASMRE7BTC),129959,1.4226,1.18974,0.23287,True
6c2b1c2f-d4e3-4ef7-ba36-f5c5087992a7,pendle,Pendle,Ethereum,USD(MIDASMRE7BTC),129959,2.20388,2.20388,,True
f9d05e26-6a5e-40f9-8587-90a896d3ff4f,curve-dex,Curve,Ethereum,EUSD-FXUSD,129614,0.45,0.45,0,True
cfc83b8c-2fcd-4274-91e9-c787367e2a7a,pendle,Pendle,Ethereum,WSRUSD,129281,6.32606,6.11475,0.21132,True
d415c40d-ba64-4305-9c81-7f4ad9283091,pendle,Pendle,Ethereum,WSRUSD,129281,7.80679,7.80679,,True
be90db0a-18b8-4138-a53f-c69870a8699a,compound-v3,Compound V3,Arbitrum,ARB,126596,0,,,False
21cf4bda-cc72-4ead-ae70-37c0efcc91f7,euler-v2,Euler V2,Ethereum,WETH,123060,0.00196,0.00196,,False
507c0596-8677-4006-bd6d-1698e13203e2,compound-v3,Compound V3,Ethereum,PUFETH,123009,0,,,True
55205d7a-7939-42aa-ad8a-0c0123db9474,aave-v3,Aave V3,Ethereum,USDS,121930,2.03459,2.03459,,True
b7734046-f094-4631-a528-80cd79ca9e82,euler-v2,Euler V2,Ethereum,WBTC,121882,0.10276,0.10276,,False
a766b4b1-8db4-42e6-98b8-0bcc74a10b23,curve-dex,Curve,Ethereum,FRXETH-IQ,120850,0.25,0.25,0,False
4135ffa3-e55d-49dc-8eb0-00436d9742f6,curve-dex,Curve,Ethereum,WETH-STETH,118213,5.69046,5.63,0.06046,False
d515263f-3726-49ad-80c3-d156e8ca79e0,curve-dex,Curve,Ethereum,SFRXUSD-SCRVUSD,117849,2.99,2.99,0,True
d8cabd84-2e19-45f3-9edb-6ed574798daf,curve-dex,Curve,Ethereum,WETH-PROS,117016,0.29,0.29,0,False
1aea6515-a645-455f-b6ca-4e173d852587,curve-dex,Curve,Ethereum,WEETH-WEETHS,116618,2.73,2.73,0,False
febfb5b4-7485-44bc-ae4a-7b192ac61fe3,curve-dex,Curve,Ethereum,ETH-RETH,116265,0.97,0.97,0,False
ded3da1a-3ac9-4143-87c9-8808ee278ed0,curve-dex,Curve,Ethereum,CVX-TCVX,115107,7.38,7.38,0,False
9dbaf523-8c4f-4516-b501-3c75fc83c2df,pendle,Pendle,Ethereum,SFRXUSD,112671,5.04189,4.39031,0.65158,True
75dcf4d4-8a4c-4025-8552-2cd34c6e6506,pendle,Pendle,Ethereum,SFRXUSD,112671,5.10189,5.10189,,True
2d02765d-1444-46a0-8046-cd7af0c06ac1,euler-v2,Euler V2,Base,USDC,111604,3.58485,3.58485,,True
d6408603-9035-4783-9255-0a83536e6767,curve-dex,Curve,Arbitrum,EUSD-USDC,110909,0,0,0,True
ef897898-4a03-4e06-8e81-5c26139c7b5b,aave-v3,Aave V3,Ethereum,SNX,109032,0.11955,0.11955,,False
d2e98d69-238c-41a8-8899-15aee7358e33,aave-v3,Aave V3,Ethereum,CRVUSD,108668,2.39357,2.39357,,True
4c6d8806-f7c9-4abd-b629-d555e6e29767,curve-dex,Curve,Ethereum,PROS-USDT-WBTC,108489,0.07,0.07,0,False
32fb4e7a-5f05-47b0-a2e8-bea4eec17e7b,euler-v2,Euler V2,Ethereum,SUSDE,108296,0,0,,True
dc9689a3-3a36-4ccf-9561-2b57dc74dfd5,curve-dex,Curve,Arbitrum,USDT-EYWA,104533,1.81286,0.71,1.10286,False
aabaf250-008b-465f-9795-f03f0540ec97,curve-dex,Curve,Ethereum,WSTUSR-PT-WSTUSR-1740182579,103958,0,0,0,False
4059659c-a240-47c3-85a5-69897563d63b,euler-v2,Euler V2,Ethereum,USDC,103497,7.40125,7.40125,,True
cfa72fa8-063d-4d6f-820b-ae9b472dfffc,curve-dex,Curve,Ethereum,FXUSD-USDN,103361,0.04293,0.04,0.00293,True
f472fc3d-d92d-45db-987c-56b555bee290,curve-dex,Curve,Ethereum,FXN-SDFXN,102989,2.47,2.47,0,False
33c78467-864a-4257-b35e-da02dadf3aeb,curve-dex,Curve,Ethereum,USDC-LVLUSD,102526,0.14,0.14,0,True
59cc7f5d-7446-431b-ae0e-d2ccc8c13a9b,pendle,Pendle,Ethereum,YNRWAX,100574,27.89277,27.88946,0.00331,False
91338cef-96b3-4546-aa54-f95bcfa50a95,pendle,Pendle,Ethereum,YNRWAX,100574,11.0187,11.0187,,False
8d4d3acb-e1bf-471a-8256-36b90a8f4d25,aave-v3,Aave V3,Arbitrum,FRAX,99937,0.91791,0.91791,,True
a9d1e031-6b3e-4a3d-a1db-85238605e2b5,euler-v2,Euler V2,Base,WSTETH,98531,0.00374,0.00374,,False
c1b69d6f-fa5e-4f71-8ab1-4304acbc6c5c,curve-dex,Curve,Ethereum,IBEUR-SEUR,98265,0.31,0.31,0,True
aee94fa5-0099-4a6e-8d5c-f3b5f4352a06,pendle,Pendle,Ethereum,STHUSD,98177,19.45144,19.1429,0.30854,True
f6c69b55-f788-4e1c-8b2b-985f8b3efda9,pendle,Pendle,Ethereum,STHUSD,98177,18.52033,18.52033,,True
39937bc5-a6fd-4a79-8b5d-f5992bb74db2,pendle,Pendle,Ethereum,RUSD,97449,9.00021,9.00021,,True
47c41d26-c886-4bda-b5a4-8dca1b193bac,pendle,Pendle,Ethereum,RUSD,97449,2.97471,1.93783,1.03687,True
8d89b481-a21c-4481-b2a8-b6cf8b59b09e,compound-v3,Compound V3,Base,CBETH,95210,0,,,False
843df3fc-9fc7-44a7-9a82-2b9bc8f5d0fd,euler-v2,Euler V2,Ethereum,USDC,95006,1.13192,1.13192,,True
3d6d5776-ac4b-4e80-97ad-8b3cba983e9d,curve-dex,Curve,Ethereum,USDN-3CRV,92479,0,0,,False
05e62099-fe84-4c92-a213-ddb51e7b7bc1,curve-dex,Curve,Arbitrum,CRVUSD-ARB-CRV,92287,0.61745,0.57,0.04745,False
aceb3aef-b8e1-4733-87e2-cb03f2942ad9,curve-dex,Curve,Ethereum,USDT-USDN,90779,0.76,0.76,0,True
d0d3c6e3-b8e8-4fad-b805-080c4d3b098d,curve-dex,Curve,Ethereum,USDK-3CRV,90522,0.02011,0.02,0.00011,False
f13c7bc3-690f-44fb-bca6-698784176a29,curve-dex,Curve,Ethereum,YB-SDYB,89532,94.20769,67.2,27.00769,False
78bd47b4-1a43-464b-a93e-e576171ed922,euler-v2,Euler V2,Ethereum,WETH,89415,3.15397,3.15397,,False
b1c5f95c-2e5a-4bc9-80a9-fdd4749e2cc6,euler-v2,Euler V2,Base,RETH,89076,0,0,,False
318ff96a-5be1-44b3-b204-667ffa0d1309,curve-dex,Curve,Ethereum,LITUSD-SUSDS,88353,1.21,1.21,0,True
5b4be3c3-29fe-4673-8e54-013610488a21,curve-dex,Curve,Ethereum,DYFI-ETH,86653,0.03,0.03,0,False
05c0fed1-684b-4b82-b089-b1c630e23efe,euler-v2,Euler V2,Base,AERO,85540,0.62392,0.62392,,False
3e120dd8-7a87-49bd-bb2e-a35bf727fbae,curve-dex,Curve,Ethereum,HEMI-WETH,84522,1.74,1.74,0,False
c906ad9c-4e99-4c5e-bd03-72acad7fc00b,curve-dex,Curve,Ethereum,USDC-RLP,82885,2.93,2.93,0,False
d789e9d0-60d3-4584-a245-fc87f6e9b104,curve-dex,Curve,Ethereum,BEAN-3CRV,82460,0,0,0,False
4be4f733-f9e1-46b7-aac5-6d72bb7ea37e,compound-v3,Compound V3,Base,CBBTC,80721,0,,,False
9fda456f-ad47-4ef2-810e-41e4685ca623,curve-dex,Curve,Arbitrum,RSR-WETH,79776,0,0,0,False
a5dfb181-843c-49c5-a787-7f5b71394b82,euler-v2,Euler V2,Ethereum,RETH,79653,0,0,,False
fbee4a0d-c4ed-40c2-b1f1-a93f274a52fc,euler-v2,Euler V2,Base,WETH,79233,5.79396,5.79396,,False
2eb07b31-52c6-4bbe-b8bb-5563d013366c,curve-dex,Curve,Ethereum,RAI-3CRV,79142,0.40247,0.01,0.39247,False
7c2b3b11-5a22-481e-8e70-0f9b6c7d8270,curve-dex,Curve,Ethereum,FEI-3CRV,78738,0,0,0,False
c4a41937-f938-4f53-9827-4893187e6886,kamino-lend,Kamino Lend,Solana,JUP,78668,0,0,,False
e57719a3-14b1-4004-8c36-667fca3d05a3,curve-dex,Curve,Ethereum,CVX-LPXCVX,78653,0.48,0.48,0,False
b6d41555-60e5-485f-9629-ae292c563a5d,aave-v3,Aave V3,Arbitrum,LUSD,78653,2.21092,2.21092,,True
77b152ac-6b67-4f7e-a1d2-278e1f774961,curve-dex,Curve,Ethereum,SFRXETH-RSETH,78401,2.78169,2.66,0.12169,False
1a1780eb-febf-4083-8788-b9aca19da68e,aave-v3,Aave V3,Ethereum,WEETH,77717,0,0,,False
13d3320c-0e15-40cf-bbe7-480157ee9345,aave-v3,Aave V3,Base,WRSETH,77290,0,0,,False
68e30785-53bf-49ef-892f-88b197c6bfe6,compound-v3,Compound V3,Ethereum,CBETH,77117,0,,,False
0959458f-44ea-46fd-8d01-9820ca14fbc5,curve-dex,Curve,Ethereum,SCRVUSD-UNIT0,76838,0,0,0,False
aa58f362-91f4-4342-b111-bd76c6a1564d,curve-dex,Curve,Ethereum,CJPY-WETH-TXJP,76265,0.15,0.15,0,False
132f7ea8-5cfc-4105-bbbc-743007a3687f,curve-dex,Curve,Ethereum,WETH-OPEN,75032,0.01,0.01,0,False
b5bd868e-38b0-4220-8832-ad1e64cdf2bf,euler-v2,Euler V2,Ethereum,PUSDE,72969,0,0,,True
6af4d22d-e482-4f74-8ebf-8ba3d97fa944,curve-dex,Curve,Ethereum,CRVUSD-RCH,72118,0.05,0.05,0,False
282c70ef-5123-4873-a115-a96879183e4e,pendle,Pendle,Ethereum,SUSDA,71668,5.28456,4.49849,0.78607,True
39b53d33-bed3-45ee-9c13-70bbc7e785fb,pendle,Pendle,Ethereum,SUSDA,71668,4.69309,4.69309,,True
828b9bec-2c36-42aa-b24b-3afaee7b8d4b,curve-dex,Curve,Ethereum,IBJPY-SJPY,70861,0,0,0,False
a03a36cd-6836-4aca-8efd-6ba912056eb4,euler-v2,Euler V2,Ethereum,FXUSD,70725,3.79414,3.79414,,True
9bd24a7b-551a-4643-a017-39cf1a9130c4,curve-dex,Curve,Arbitrum,FRAX-USDC.E,70263,0.23,0.23,0,True
7ba506b8-9265-450d-9111-281fa6b57657,euler-v2,Euler V2,Base,USDC,69954,2.39801,2.39801,,True
c2916c0b-1b06-41e4-bb45-ac8a07cd3834,curve-dex,Curve,Ethereum,CRVUSD-HEMI,69662,0.71,0.71,0,False
d6af61f6-896c-40c1-b34b-b44eb3197d6b,curve-dex,Curve,Ethereum,ALETH-PXETH,69346,0.01837,0,0.01837,False
557aeb81-c197-4394-8469-bbd4ab82e6a5,euler-v2,Euler V2,Ethereum,MHYPER,67565,0,0,,False
51a5dd1d-d6f2-42a7-99b7-18006868c905,curve-dex,Curve,Ethereum,USDFI-BOLD,67389,0.66,0.66,0,True
61c4cfbb-c4ab-4fd3-8e1d-a4f49b09aee3,euler-v2,Euler V2,Base,CBBTC,66290,0.9264,0.9264,,False
6fe0d013-966f-432b-b39e-ff1497cdf2c6,curve-dex,Curve,Ethereum,USDC-USDT-OMUSD,65211,0,0,0,True
723ea0df-c394-4a4c-b517-d761673b47b0,curve-dex,Curve,Ethereum,WEETH-RSWETH,64618,2.56134,2.43,0.13134,False
5fe31d6b-1629-439c-a9ed-620abae1a329,compound-v3,Compound V3,Arbitrum,WETH,64481,0,,,False
71391dac-7bbc-478d-9d11-d4813bebd90d,compound-v3,Compound V3,Base,WSTETH,63089,0,,,False
b11318be-a35e-4f30-b44e-75df18eabff2,curve-dex,Curve,Ethereum,ETH-SDT,62253,0.22,0.22,0,False
8a7543a7-7995-4559-8195-fa5342947bfb,curve-dex,Curve,Ethereum,USDP-3CRV,62013,0,0,0,False
d3487c4a-7a2d-4c6d-ad8e-0ab01a7cba3e,curve-dex,Curve,Ethereum,MSETH-FRXETH,60471,0.11,0.11,0,False
180d2715-2cd4-41f6-bffc-6c16a6a28ee9,kamino-lend,Kamino Lend,Solana,JTO,60416,0.00039,0.00039,,False
475d7ab5-a4b8-4400-ad1c-94ef9e8bdfe3,curve-dex,Curve,Base,WETH-CBETH,59603,1.39,1.39,0,False
f82e66c4-43a3-491e-9101-19b7bd75a416,pendle,Pendle,Arbitrum,SYRUPUSDC,58930,6.1049,5.21072,0.89417,True
9284bfb0-2be4-47fc-833c-a689a4a0543f,pendle,Pendle,Arbitrum,SYRUPUSDC,58930,4.81566,4.81566,,True
76f65ec2-ea3d-42a2-9f9f-1542b48838e9,euler-v2,Euler V2,Base,USDC,58630,3.77903,3.77903,,True
f1e4ffd1-a441-4a16-9d8a-4894023b993f,curve-dex,Curve,Ethereum,WETH-FXUSD,58610,0.04,0.04,0,False
d87b6a34-50e4-44e5-b487-3d70ab5b309f,curve-dex,Curve,Ethereum,CRVUSD-PROS,57536,0.02,0.02,0,False
07c200a3-57db-4606-be07-84dc50a3d4e2,compound-v3,Compound V3,Ethereum,TBTC,55594,0,,,False
3f98081e-6c9b-495c-ae28-f94afbf26c0b,curve-dex,Curve,Ethereum,COVEYFI-YFI,55067,0,0,0,False
be0198d2-1d85-471d-b6af-022c9bdb9852,pendle,Pendle,Ethereum,ARM-WETH-STETH,54752,4.00001,4.00001,,False
1777ce2f-f179-4f1a-bf18-bff35775df7e,pendle,Pendle,Ethereum,ARM-WETH-STETH,54752,2.67721,2.20639,0.47082,False
fa530ebc-a11a-4e1e-84fb-7084fc42b4b3,curve-dex,Curve,Ethereum,ETH-TOKE,53677,0.01367,0,0.01367,False
8ac70bd5-8f9e-46a9-9ca5-8c1bcd319fee,curve-dex,Curve,Ethereum,CDAI-CUSDC-USDT,53523,0.00514,0,0.00514,True
c49dcf2f-982a-404e-a219-5f8414b1e6cc,curve-dex,Curve,Ethereum,ETH-XYO,53310,0.45,0.45,0,False
df65c4f4-e33a-481c-bac8-0c2252867c93,compound-v3,Compound V3,Base,USDBC,53248,0.69892,0.69892,0,True
d0d84008-3982-43d0-ab16-d7a6bb6cbfb8,kamino-lend,Kamino Lend,Solana,KSOLJITOSOLRAYDIUM,52839,0,0,,True
2aa775e1-d336-41c4-98b8-81d4ef9c1aee,curve-dex,Curve,Ethereum,CVX-BENTCVX,52831,5.32,5.32,0,False
43c85a77-21ca-4551-81b8-86b751ca6a84,euler-v2,Euler V2,Ethereum,USDC,52646,0.14069,0.14069,,True
dcd7e2ca-07a4-4e06-9d8b-04a23ff17d7e,pendle,Pendle,Ethereum,YNUSDX,52450,7.0094,7.0039,0.00549,True
197a200d-41b8-44cd-9729-ab323535d3ea,pendle,Pendle,Ethereum,YNUSDX,52450,10.3453,10.3453,,True
8c2d1b5b-efe9-4ede-bd17-4015001d76b2,curve-dex,Curve,Ethereum,STUSD-SCRVUSD-BOND,51433,0.09,0.09,0,True
1071bdf2-cd91-4c91-ba9c-ea4b5c827d4e,pendle,Pendle,Ethereum,WOETH,51247,2.93182,2.42879,0.50303,False
923542cd-dfff-4002-ae4f-d602d9e0f26c,pendle,Pendle,Ethereum,WOETH,51247,3.5,3.5,,False
d25b5f1e-3368-4c79-a876-479834b15195,aave-v3,Aave V3,Ethereum,SUSDE,51226,0,0,,True
ab200c55-9a9b-464f-a426-d249ef28eec4,curve-dex,Curve,Arbitrum,VST-FRAX,50606,0,0,0,True
2321794d-15f0-4203-92e9-126cb0012be6,curve-dex,Curve,Ethereum,GHO-USR,50584,0.1,0.1,0,True
8e07a8a9-dcb9-41b0-9a9a-01d135840e49,curve-dex,Curve,Ethereum,USDT-PROS,50506,0,0,0,False
